FundCode,FundName,Category,GroupCategory,FundHouse,WMC,Subscribe,Price,PriceDate,Currency,Risk,RetYTD(%),Ret1W(%),Ret1M(%),Ret3M(%),Ret6M(%),Ret1Y(%),Ret2Y(%),Ret3Y(%),Ret5Y(%),Yield(%),YieldDate,MgmtFee(%),ISIN,StarRating,BalancedRisk,BalancedRegion,BondType,BondRegion,EquityStyle
U44580,"滙豐環球投資基金 - 全智選 - 亞洲焦點入息AM2類 (美元 每月分派-現金派息)","亞洲股債混合","亞洲股債混合","滙豐環球投資管理 (香港) 有限公司",N,Y,9.657,02-10-2026,美元,3,10.69,-1.27,-0.17,0.54,10.17,11.96,5.47,4.65,-4.7,4.13,30-09-2026,1.25,LU0762541174,3,"平衡型","亞洲","","",""
U45343,"滙豐集合投資信託 -滙豐亞洲多元資產高入息基金 AM2類 (港元 每月分派-現金派息)","亞洲股債混合","亞洲股債混合","滙豐環球投資管理 (香港) 有限公司",Y,Y,7.24,30-09-2026,港元,3,11.62,-0.53,-0.72,2.79,10.91,14.94,9.71,-0.49,0,4.84,30-09-2026,1.25,HK0000469202,2,"平衡型","亞洲","","",""
U45005,"惠理亞洲股債收益基金 A MDIS類別  (港元 每月分派-現金派息)","亞洲股債混合","亞洲股債混合","惠理基金管理公司",Y,Y,13.02,30-09-2026,港元,4,23.17,-1.24,-0.94,-3.81,19.65,30.73,10.35,7.72,3.84,4.12,30-09-2026,1.5,HK0000352291,4,"平衡型","亞洲","","",""
U45219,"JPM亞太入息(港元)A股(每月派息-現金派息) (每月投資計劃)","亞洲股債混合","亞洲股債混合","摩根資產管理",N,Y,13.54,02-10-2026,港元,3,8.38,-1.02,-1.12,-0.42,6.79,10.43,6.23,6.65,4.82,4.09,30-09-2026,1.5,LU0784638990,4,"平衡型","亞洲","","",""
U45342,"滙豐集合投資信託 - 滙豐亞洲多元資產高入息基金AM2類 (美元 每月分派-現金派息)","亞洲股債混合","亞洲股債混合","滙豐環球投資管理 (香港) 有限公司",Y,Y,7.152,30-09-2026,美元,3,10.74,-0.57,-0.83,2.71,10.79,13.87,10.24,-0.54,0,4.86,30-09-2026,1.25,HK0000469194,2,"平衡型","亞洲","","",""
U44437,"JPM亞太入息(美元)A股(每月派息-現金派息)","亞洲股債混合","亞洲股債混合","摩根資產管理",N,Y,120.61,02-10-2026,美元,3,7.55,-1.06,-1.19,-0.46,6.72,9.54,6.92,6.38,4.28,4.1,30-09-2026,1.5,LU0784639295,3,"平衡型","亞洲","","",""
U45090,"恒生亞洲增長及收益基金A類單位 (港元 每月分派-現金派息)","亞洲股債混合","亞洲股債混合","恒生投資管理有限公司",Y,Y,8.8569,30-09-2026,港元,3,14.87,-1.75,-1.1,-0.56,14,19.06,4.77,6.33,0,6.71,30-09-2026,1.5,HK0000658499,3,"平衡型","亞洲","","",""
U44931,"施羅德亞洲高息股債基金A類別 (港元 每月收息單位 現金派息)(每月投資計劃)","亞洲股債混合","亞洲股債混合","施羅德投資管理(香港)有限公司",N,Y,99.5057,30-09-2026,港元,3,17.89,-1.7,-1.62,-0.5,15.99,21.92,8.87,3.49,4.14,5.71,30-09-2026,1.25,HK0000081908,4,"平衡型","亞洲","","",""
U85126,"JPM亞太入息(美元)A股(分派)","亞洲股債混合","亞洲股債混合","摩根資產管理",N,N,37.87,02-10-2026,美元,3,7.54,-1.05,-1.17,-0.45,6.74,9.55,6.89,6.36,4.3,2.21,30-09-2026,1.5,LU0117844026,3,"平衡型","亞洲","","",""
U45216,"恒生亞洲增長及收益基金A類單位 (港元 每月現金派息) (每月投資計劃)","亞洲股債混合","亞洲股債混合","恒生投資管理有限公司",N,N,8.8569,30-09-2026,港元,3,14.87,-1.75,-1.1,-0.56,14,19.06,4.77,6.33,0,6.71,30-09-2026,1.5,HK0000658499,3,"平衡型","亞洲","","",""
U44923,"滙豐環球投資基金 - 全智選 - 亞洲焦點入息AM2類 (港元 每月分派-現金派息)(每月投資計劃)","亞洲股債混合","亞洲股債混合","滙豐環球投資管理 (香港) 有限公司",N,Y,9.761,02-10-2026,港元,3,11.61,-1.23,-0.09,0.6,10.32,12.9,4.93,4.69,-4.17,4.11,30-09-2026,1.25,LU0762542818,3,"平衡型","亞洲","","",""
U45089,"恒生亞洲增長及收益基金A類單位 (美元 每月分派-現金派息)","亞洲股債混合","亞洲股債混合","恒生投資管理有限公司",Y,Y,8.779,30-09-2026,美元,3,13.94,-1.79,-1.19,-0.62,13.9,18.05,5.35,6.18,0,6.74,30-09-2026,1.5,HK0000658481,3,"平衡型","亞洲","","",""
U44377,"施羅德亞洲高息股債基金A類別 (港元 每月收息單位-現金派息)","亞洲股債混合","亞洲股債混合","施羅德投資管理(香港)有限公司",Y,Y,99.5057,30-09-2026,港元,3,17.89,-1.7,-1.62,-0.5,15.99,21.92,8.87,3.49,4.14,5.71,30-09-2026,1.25,HK0000081908,4,"平衡型","亞洲","","",""
U43367,"景順亞洲資產配置基金 A類股份 (美元每季分派) - 股息再投資","亞洲股債混合","亞洲股債混合","景順投資管理有限公司",N,N,14.26,02-10-2026,美元,4,11.58,-0.97,0.42,-0.54,11.47,11.17,5.27,2.86,-8.34,1.33,30-09-2026,1.25,LU0367026134,2,"平衡型","亞洲","","",""
U44376,"施羅德亞洲高息股債基金A類別 (美元 每月收息單位-現金派息)","亞洲股債混合","亞洲股債混合","施羅德投資管理(香港)有限公司",Y,Y,9.8749,30-09-2026,美元,3,16.94,-1.74,-1.71,-0.56,15.89,20.88,9.44,3.45,3.57,5.73,30-09-2026,1.25,HK0000081932,4,"平衡型","亞洲","","",""
U45063,"首源亞洲鐵橋基金(人民幣 每月分派-現金派息)","亞洲股債混合","亞洲股債混合","首源投資(香港)有限公司",Y,N,89.15,29-09-2026,人民幣,3,4.41,-1.89,-1.97,-1.75,7.28,3.83,10.23,1.09,-5,4.01,30-09-2026,1.25,HK0000554573,2,"平衡型","亞洲","","",""
U39236,"安聯亞太收益基金A類收息股份(美元)","亞洲股債混合","亞洲股債混合","安聯環球投資亞太有限公司",N,N,7.7708,02-10-2026,美元,3,25.39,-0.51,1.97,0.74,20.93,31.54,9.87,3.61,-1.2,1.58,30-09-2026,1.5,LU0348744763,,"平衡型","亞洲","","",""
U44438,"JPM亞太入息(港元)A股(每月派息-現金派息)","亞洲股債混合","亞洲股債混合","摩根資產管理",N,Y,13.54,02-10-2026,港元,3,8.38,-1.02,-1.12,-0.42,6.79,10.43,6.23,6.65,4.82,4.09,30-09-2026,1.5,LU0784638990,4,"平衡型","亞洲","","",""
U44581,"滙豐環球投資基金 - 全智選 - 亞洲焦點入息AM2類 (港元 每月分派-現金派息)","亞洲股債混合","亞洲股債混合","滙豐環球投資管理 (香港) 有限公司",N,Y,9.761,02-10-2026,港元,3,11.61,-1.23,-0.09,0.6,10.32,12.9,4.93,4.69,-4.17,4.11,30-09-2026,1.25,LU0762542818,3,"平衡型","亞洲","","",""
U43132,"景順亞洲資產配置基金 A類股份 累積 (美元)","亞洲股債混合","亞洲股債混合","景順投資管理有限公司",N,N,28.77,02-10-2026,美元,4,11.55,-1,0.45,-0.52,11.51,11.21,5.26,2.85,-8.31,0,30-09-2026,1.25,LU0367026217,2,"平衡型","亞洲","","",""
U44532,"景順亞洲資產配置基金 A(每月派息 -1 股份)(美元) - 現金派息","亞洲股債混合","亞洲股債混合","景順投資管理有限公司",N,N,5.87,02-10-2026,美元,4,11.61,-1.05,0.46,-0.64,11.55,11.11,5.34,2.74,-8.29,7.53,30-09-2026,1.25,LU0955864656,2,"平衡型","亞洲","","",""
U45004,"惠理亞洲股債收益基金 A MDIS類別  (美元 每月分派-現金派息)","亞洲股債混合","亞洲股債混合","惠理基金管理公司",Y,Y,12.94,30-09-2026,美元,4,22.21,-1.25,-1.1,-3.9,19.58,29.69,10.94,7.62,3.28,4.15,30-09-2026,1.5,HK0000352382,4,"平衡型","亞洲","","",""
U45062,"首源亞洲鐵橋基金(港元 每月分派-現金派息)","亞洲股債混合","亞洲股債混合","首源投資(香港)有限公司",N,N,92.85,29-09-2026,港元,3,9.08,-1.98,-1.64,-0.36,10.49,10.85,6.29,-1.77,-2.45,3.89,30-09-2026,1.25,HK0000554565,2,"平衡型","亞洲","","",""
U44980,"首源亞洲鐵橋基金(美元 每月分派-現金派息)","亞洲股債混合","亞洲股債混合","首源投資(香港)有限公司",N,N,14.1,29-09-2026,美元,3,8.33,-2.02,-1.69,-0.34,10.46,9.99,6.9,-1.83,-2.9,3.9,30-09-2026,1.25,HK0000012440,3,"平衡型","亞洲","","",""
U44358,"景順亞洲資產配置基金 A類股份 (港元每季分派) - 現金派息","亞洲股債混合","亞洲股債混合","景順投資管理有限公司",N,N,112.38,02-10-2026,港元,4,12.48,-0.95,0.5,-0.47,11.65,12.15,4.62,3.07,-7.77,1.32,30-09-2026,1.25,LU0580551074,2,"平衡型","亞洲","","",""
U44321,"景順亞洲資產配置基金 A類股份 (美元每季分派) - 現金派息","亞洲股債混合","亞洲股債混合","景順投資管理有限公司",N,N,14.26,02-10-2026,美元,4,11.58,-0.97,0.42,-0.54,11.47,11.17,5.27,2.86,-8.34,1.33,30-09-2026,1.25,LU0367026134,2,"平衡型","亞洲","","",""
U45091,"恒生亞洲增長及收益基金P類單位 (美元 每月現金派息)","亞洲股債混合","亞洲股債混合","恒生投資管理有限公司",N,N,9.1639,14-05-2026,美元,3,14.09,-0.4,5.99,6.61,16.13,32.68,5.79,6.77,0,5.37,30-04-2026,1,HK0000658507,,"平衡型","亞洲","","",""
U45472,"滙豐環球投資基金 – 美國聚焦入息 AM3HEUR類（歐元對沖 每月分派-現金派息）","歐元保守型股債混合 - 環球","保守型股債混合 - 環球","滙豐環球投資管理 (香港) 有限公司",N,Y,10.712,02-10-2026,歐羅,3,3.56,-0.37,-1.63,-0.78,5.86,4.87,10.64,10.73,15.6,2.82,30-09-2026,1.25,LU2083901129,4,"保守型","環球","","",""
U44862,"摩根全方位均衡(歐元對沖)(每月派息-現金派息)","歐元保守型股債混合 - 環球","保守型股債混合 - 環球","摩根資產管理",Y,Y,9.05,30-09-2026,歐羅,3,-0.82,-0.94,-2.53,-2.99,0.44,0.51,3.64,4.67,2.77,4.13,30-09-2026,1.25,HK0000312865,2,"保守型","環球","","",""
U44475,"施羅德環球基金系列-環球股債收息A類股份 (歐元對沖 累積單位)","歐元保守型股債混合 - 環球","保守型股債混合 - 環球","施羅德投資管理(香港)有限公司",N,N,135.6184,02-10-2026,歐羅,3,2,-1.18,-2.76,-0.87,3.51,3.78,3.63,9.04,3.52,0,30-09-2026,1.25,LU0757360457,4,"保守型","環球","","",""
U44549,"安聯收益及增長基金AM類收息股份 (H2 歐元對沖 每月派息-現金派息)","歐元平衡型股債混合 - 環球","平衡型股債混合 - 環球","安聯環球投資亞太有限公司",N,Y,7.9384,02-10-2026,歐羅,3,3.81,-0.35,-0.13,-2.99,6.32,4.93,8.26,14.8,10.63,5.91,30-09-2026,1.5,LU0913601281,3,"平衡型","環球","","",""
U44565,"駿利亨德森平衡基金A5m類股份 (歐元對沖 每月入息-現金派息)","歐元平衡型股債混合 - 環球","平衡型股債混合 - 環球","駿利亨德森投資",N,N,11.57,02-10-2026,歐羅,3,1.58,-0.17,-1.02,-0.08,7.35,1.91,11.7,11.15,14.35,4.07,30-09-2026,1,IE00B83BYG91,4,"平衡型","環球","","",""
U42295,"貝萊德全球基金 - ESG多元資產基金A2類股份 (歐元)","歐元平衡型股債混合 - 環球","平衡型股債混合 - 環球","貝萊德資產管理北亞有限公司",N,N,23.38,02-10-2026,歐羅,3,8.59,0.73,0.91,0.43,9.87,11.55,6.76,5.18,14.97,0,30-09-2026,1.5,LU0093503497,4,"平衡型","環球","","",""
U45486,"富蘭克林入息基金 A類（歐元-對沖1 每月分派- 現金派息）","歐元平衡型股債混合 - 環球","平衡型股債混合 - 環球","富蘭克林鄧普頓投資",N,Y,6.14,02-10-2026,歐羅,3,3.27,-0.75,-2.93,-1.46,1.18,4.89,4.31,4.58,13.12,8.41,30-09-2026,1.35,LU0976567460,3,"平衡型","環球","","",""
U45705,"駿利亨德森平衡基金A6M類股份 (歐元對冲 每月派息-現金派息)","歐元平衡型股債混合 - 環球","平衡型股債混合 - 環球","駿利亨德森投資",N,Y,9.78,02-10-2026,歐羅,3,1.58,-0.2,-1.02,-0.06,7.31,1.84,0,0,0,7.19,30-09-2026,1,IE000IZFDI00,,"平衡型","環球","","",""
U45788,"資本集團 - 資產收益創造者基金（盧森堡）BFYD2M類 (港元 每月分派-現金派息)","美元進取型股債混合","進取型股債混合","資本集團",N,Y,127.1438,02-10-2026,港元,4,0,-1.17,-3.72,-2.1,0,0,0,0,0,0,,1.4,LU3352052784,,"進取型","環球","","",""
U45808,"資本集團 - 資產收益創造者基金（盧森堡）BFYD2MH類 (人民幣對沖 每月分派-現金派息)","美元進取型股債混合","進取型股債混合","資本集團",N,Y,109.1475,02-10-2026,人民幣,4,0,-1.85,-4.59,-3.33,0,0,0,0,0,0,,1.4,LU3352053089,,"進取型","環球","","",""
U43811,"滙豐均衡管理基金A類 (港元) (每月投資計劃)","美元進取型股債混合","進取型股債混合","滙豐環球投資管理 (香港) 有限公司",N,N,43.43,30-09-2026,港元,4,6.13,-1.14,-2.36,-0.75,7.63,7.42,6.99,4.69,1.91,0,30-09-2026,1.5,HK0000434248,2,"進取型","環球","","",""
U42411,"富達基金 – 環球多元動力基金A類別股份 (美元 派息股份)","美元進取型股債混合","進取型股債混合","富達基金(香港)有限公司",N,N,37.1,02-10-2026,美元,4,13.35,-0.48,-0.03,0.65,13.18,18.1,12.42,10.56,7.9,0.27,30-09-2026,2,LU0080751232,2,"進取型","環球","","",""
U33705,"滙豐均衡管理基金A類 (港元)","美元進取型股債混合","進取型股債混合","滙豐環球投資管理 (香港) 有限公司",N,N,43.43,30-09-2026,港元,4,6.13,-1.14,-2.36,-0.75,7.63,7.42,6.99,4.69,1.91,0,30-09-2026,1.5,HK0000434248,2,"進取型","環球","","",""
U45807,"資本集團 - 資產收益創造者基金（盧森堡）BFYD2MH類 (澳元對沖 每月分派-現金派息)","美元進取型股債混合","進取型股債混合","資本集團",N,Y,22.6642,02-10-2026,澳元,4,0,-1.22,-3.8,-2.12,0,0,0,0,0,0,,1.4,LU3352052941,,"進取型","環球","","",""
U45787,"資本集團 - 資產收益創造者基金（盧森堡）BFYD2M類 (美元 每月分派-現金派息)","美元進取型股債混合","進取型股債混合","資本集團",N,Y,16.202,02-10-2026,美元,4,0,-1.79,-4.35,-2.73,0,0,0,0,0,0,,1.4,LU3352052867,,"進取型","環球","","",""
U44564,"駿利亨德森平衡基金A5m類股份 (港元 每月入息-現金派息)","美元平衡型股債混合","平衡型股債混合","駿利亨德森投資",N,N,14.9,02-10-2026,港元,3,3.91,-0.2,-0.84,0.3,8.39,4.81,13.04,13.67,16.09,4.02,30-09-2026,1,IE00B775H168,4,"平衡型","環球","","",""
U45104,"富蘭克林入息基金A類 (港元 每月分派-現金派息)","美元平衡型股債混合","平衡型股債混合","富蘭克林鄧普頓投資",N,Y,8.7,02-10-2026,港元,2,5.55,-0.78,-2.76,-1.11,2.17,7.75,5.49,7.11,14.53,8.3,30-09-2026,1.35,LU1929549753,3,"平衡型","環球","","",""
U45353,"滙豐集合投資信託 - 滙豐環球多元化實際回報基金AMFLX類 (港元 每月分派-現金派息)","美元平衡型股債混合","平衡型股債混合","滙豐環球投資管理 (香港) 有限公司",N,N,118.919,30-09-2026,港元,2,8.24,-1.14,-2.59,1.42,3.68,12.75,5.8,0,0,3.17,30-09-2026,1.25,HK0000886033,4,"平衡型","環球","","",""
U45572,"瑞銀（香港）美國增長及收益基金（美元） A類(港元)-8%-MDIST","美元平衡型股債混合","平衡型股債混合","瑞銀資產管理（香港）有限公司",Y,Y,106.392,30-09-2026,港元,3,5.37,-1.1,-2.2,-0.66,8.35,7.74,10.83,0,0,8.1,30-09-2026,1.45,HK0000891637,4,"平衡型","環球","","",""
U45614,"摩根全方位入息(港元)(資息月派-現金派息)","美元平衡型股債混合","平衡型股債混合","摩根資產管理",Y,Y,10.12,30-09-2026,港元,2,5.89,-0.78,-2.02,-1.44,4.98,8.22,0,0,0,8.36,30-09-2026,1.25,HK0001089959,,"平衡型","環球","","",""
U44546,"安聯收益及增長基金AM類收息股份 (美元 每月派息-現金派息)","美元平衡型股債混合","平衡型股債混合","安聯環球投資亞太有限公司",N,Y,8.4182,02-10-2026,美元,3,5.18,-0.3,0.02,-2.6,7.22,6.89,9.94,17.32,11.66,7.86,30-09-2026,1.5,LU0820561818,4,"平衡型","環球","","",""
U45768,"東方匯理系列基金 - 收益機遇基金(美元 每月分派-現金派息)","美元平衡型股債混合","平衡型股債混合","東方匯理資產管理香港有限公司",N,Y,55.3,02-10-2026,美元,2,5.47,-0.98,-3.3,1.31,3.94,8.04,4.31,0,0,7.88,30-09-2026,1.5,LU2585852911,,"平衡型","環球","","",""
U45769,"東方匯理系列基金 - 收益機遇基金 (港元 每月分派-現金派息)","美元平衡型股債混合","平衡型股債混合","東方匯理資產管理香港有限公司",N,Y,55.59,02-10-2026,港元,2,6.32,-0.93,-3.23,1.36,4.08,8.93,3.76,0,0,7.84,30-09-2026,1.5,LU2585853133,,"平衡型","環球","","",""
U44563,"駿利亨德森平衡基金A5m類股份 (美元 每月入息-現金派息)","美元平衡型股債混合","平衡型股債混合","駿利亨德森投資",N,N,14.76,02-10-2026,美元,3,3.08,-0.2,-0.92,0.29,8.3,3.97,13.65,13.62,15.49,4.04,30-09-2026,1,IE00B7KXQ091,4,"平衡型","環球","","",""
U44547,"安聯收益及增長基金AM類收息股份 (港元 每月派息-現金派息)","美元平衡型股債混合","平衡型股債混合","安聯環球投資亞太有限公司",N,Y,8.1308,02-10-2026,港元,3,6.04,-0.26,0.07,-2.56,7.35,7.81,9.31,17.43,12.37,7.84,30-09-2026,1.5,LU0820561909,4,"平衡型","環球","","",""
U45763,"PIMCO GIS 收益增長基金 M類零售 (美元 累積股份)","美元平衡型股債混合","平衡型股債混合","PIMCO Asia Limited",N,Y,15.69,02-10-2026,美元,3,11.36,-0.38,-1.38,1.16,9.49,15.79,12.01,0,0,0,30-09-2026,1.6,IE000ITXATA3,,"平衡型","環球","","",""
U45738,"施羅德環球基金系列- 環球股債增長收息 A類股份 (美元 每月收息單位-現金派息 MF4)","美元平衡型股債混合","平衡型股債混合","施羅德投資管理(香港)有限公司",N,N,117.0207,02-10-2026,美元,3,11.2,-0.71,-1.84,-0.44,9.69,13.56,0,0,0,5.92,30-09-2026,1.25,LU3054685683,,"平衡型","環球","","",""
U45552,"PIMCO GIS 收益增長基金 M類零售收息II股份 (美元 每月收息-現金派息)","美元平衡型股債混合","平衡型股債混合","PIMCO Asia Limited",N,Y,12.9,02-10-2026,美元,3,11.36,-0.32,-1.38,1.18,9.5,15.83,11.98,0,0,6.87,30-09-2026,1.6,IE000W1ABFV2,,"平衡型","環球","","",""
U44772,"滙豐集合投資信託 - 滙豐歐洲多元資產入息基金AM3H類 (美元對沖 每月分派-現金派息)","美元平衡型股債混合","平衡型股債混合","滙豐環球投資管理 (香港) 有限公司",Y,Y,10.179,30-09-2026,美元,2,4.81,-0.82,-2.73,-1.88,4.6,9.53,6.07,13.75,7.25,5.55,30-09-2026,1.25,HK0000284890,3,"平衡型","環球","","",""
U45882,"施羅德環球基金系列- 環球股債增長收息 A類股份 (美元 每月分派-現金派息 MF)","美元平衡型股債混合","平衡型股債混合","施羅德投資管理(香港)有限公司",N,Y,186.5926,02-10-2026,美元,3,11.18,-0.71,-1.84,-0.44,9.68,13.54,7.6,15.25,3.96,7.98,30-09-2026,1.25,LU1326303135,4,"平衡型","環球","","",""
U45643,"駿利亨德森平衡基金A6M類股份 (港元 每月入息-現金派息)","美元平衡型股債混合","平衡型股債混合","駿利亨德森投資",N,Y,10.41,02-10-2026,港元,3,4.05,-0.19,-0.86,0.32,8.49,5,0,0,0,6.76,30-09-2026,1,IE00084WUPS6,,"平衡型","環球","","",""
U45448,"恒生環球均衡增長基金A類單位 (港元 每月現金派息)","美元平衡型股債混合","平衡型股債混合","恒生投資管理有限公司",Y,Y,12.4485,30-09-2026,港元,2,12.39,-0.63,-1.25,-1.45,15.14,16.54,1.67,0,0,3.54,30-09-2026,1,HK0000971330,,"平衡型","環球","","",""
U44387,"摩根全方位入息(港元)(每月派息-現金派息)","美元平衡型股債混合","平衡型股債混合","摩根資產管理",N,N,10.54,30-09-2026,港元,2,5.91,-0.76,-2.05,-1.44,4.99,8.3,6.79,7.82,9.68,6.62,30-09-2026,1.25,HK0000084522,3,"平衡型","環球","","",""
U45218,"貝萊德全球基金-環球多元資產入息基金A6類股份(港元對沖  每月派息股份-現金派息)(每月投資計劃)","美元平衡型股債混合","平衡型股債混合","貝萊德資產管理北亞有限公司",N,Y,73.9,02-10-2026,港元,2,0.79,-0.37,-2.24,-2.12,1.89,2.09,4.95,8.49,5.62,6.98,30-09-2026,1.5,LU0784385170,2,"平衡型","環球","","",""
U45553,"PIMCO GIS 收益增長基金 M類零售收息II股份 (港元未對沖 每月收息-現金派息)","美元平衡型股債混合","平衡型股債混合","PIMCO Asia Limited",N,Y,12.96,02-10-2026,港元,3,12.31,-0.32,-1.3,1.26,9.63,16.84,11.48,0,0,6.84,30-09-2026,1.6,IE0004WJOWO1,,"平衡型","環球","","",""
U45131,"高盛全球多元資產收益投資組合(基準貨幣類股份 美元 總收益每月分派-現金派息)","美元平衡型股債混合","平衡型股債混合","高盛資產管理（香港）有限公司",N,N,92.51,02-10-2026,美元,2,2.3,-0.55,-1.97,-1.98,2.7,4.93,7.91,12.42,9.91,6.57,30-09-2026,1.25,LU1038298870,3,"平衡型","環球","","",""
U45217,"高盛全球多元資產收益投資組合(其他貨幣類股份 港元 總收益每月分派-現金派息)(每月投資計劃)","美元平衡型股債混合","平衡型股債混合","高盛資產管理（香港）有限公司",N,Y,94.93,02-10-2026,港元,2,3.11,-0.53,-1.92,-1.93,2.83,5.79,7.23,12.67,10.48,6.49,30-09-2026,1.25,LU2011196776,3,"平衡型","環球","","",""
U45766,"東方匯理系列基金 - 收益機遇基金(美元 累積股份)","美元平衡型股債混合","平衡型股債混合","東方匯理資產管理香港有限公司",N,Y,82.54,02-10-2026,美元,2,5.47,-0.97,-3.3,1.3,3.95,8.05,4.29,8.17,9.47,0,30-09-2026,1.5,LU1883839398,5,"平衡型","環球","","",""
U45876,"高盛全球多元資產收益投資組合 基準貨幣類股份 (美元 優越收益 每月分派-現金派息)","美元平衡型股債混合","平衡型股債混合","高盛資產管理（香港）有限公司",N,Y,96.78,02-10-2026,美元,2,0,-0.57,-1.98,-1.99,0,0,0,0,0,0,,1.25,LU3311323730,,"平衡型","環球","","",""
U44685,"東方匯理香港組合 - 靈活配置均衡基金普通類別港元 - 分派 (現金派息)","美元平衡型股債混合","平衡型股債混合","東方匯理資產管理香港有限公司",Y,Y,10.51,30-09-2026,港元,2,6.71,-0.76,-2.32,-1.43,8.63,9.28,6.96,5.52,2.16,4.36,30-09-2026,1.2,HK0000251790,3,"平衡型","環球","","",""
U45877,"高盛全球多元資產收益投資組合 其他貨幣類股份 (港元 優越收益 每月分派-現金派息)","美元平衡型股債混合","平衡型股債混合","高盛資產管理（香港）有限公司",N,Y,97,02-10-2026,港元,2,0,-0.53,-1.95,-1.95,0,0,0,0,0,0,,1.25,LU3304318812,,"平衡型","環球","","",""
U45575,"瑞銀（香港）美國增長及收益基金（美元） A類 (美元)-8%-MDIST","美元平衡型股債混合","平衡型股債混合","瑞銀資產管理（香港）有限公司",Y,Y,106.305,30-09-2026,美元,3,4.52,-1.14,-2.3,-0.72,8.26,6.83,11.41,0,0,8.13,30-09-2026,1.45,HK0000891611,4,"平衡型","環球","","",""
U45444,"恒生環球平穩增長基金A類單位 (美元 每月現金派息)","美元平衡型股債混合","平衡型股債混合","恒生投資管理有限公司",Y,Y,10.2378,30-09-2026,美元,2,2.63,-0.91,-3.14,-1.63,2.73,4.91,0.39,0,0,5.2,30-09-2026,1,HK0000971298,,"平衡型","環球","","",""
U45447,"恒生環球均衡增長基金A類單位  (美元 每月現金派息)","美元平衡型股債混合","平衡型股債混合","恒生投資管理有限公司",Y,Y,13.1801,30-09-2026,美元,2,11.48,-0.65,-1.32,-1.5,15,15.6,8.86,0,0,3.55,30-09-2026,1,HK0000971322,,"平衡型","環球","","",""
U43908,"鄧普頓環球入息基金A類 (歐元 累積)","美元平衡型股債混合","平衡型股債混合","富蘭克林鄧普頓投資",N,N,30.39,02-10-2026,歐羅,3,15.64,-0.26,-1.33,2.15,10.47,20.4,8.44,8.56,5.62,0,30-09-2026,1.35,LU0211332563,3,"平衡型","環球","","",""
U44562,"駿利亨德森平衡基金A2類股份 (美元 累積)","美元平衡型股債混合","平衡型股債混合","駿利亨德森投資",N,Y,52.92,02-10-2026,美元,3,3.1,-0.19,-0.9,0.3,8.27,3.95,13.66,13.61,15.45,0,30-09-2026,1,IE0004445015,4,"平衡型","環球","","",""
U44901,"瑞銀(盧森堡)歐洲增長及收益基金 (P 美元對沖 每月分派-現金派息)","美元平衡型股債混合","平衡型股債混合","瑞銀資產管理（香港）有限公司",N,N,113.57,01-10-2026,美元,4,6.83,-0.66,-2.09,-1.05,4.67,9.99,8.54,11.82,9.61,5.5,30-09-2026,1.4,LU1046463011,4,"平衡型","環球","","",""
U44388,"摩根全方位入息(美元)(每月派息-現金派息)","美元平衡型股債混合","平衡型股債混合","摩根資產管理",Y,N,10.47,30-09-2026,美元,2,5.01,-0.87,-2.16,-1.55,4.9,7.28,7.43,7.72,9.1,6.65,30-09-2026,1.25,HK0000084514,3,"平衡型","環球","","",""
U44521,"貝萊德全球基金  - 環球多元資產入息基金A6類股份 (港元對沖 每月派息股份-現金派息)","美元平衡型股債混合","平衡型股債混合","貝萊德資產管理北亞有限公司",N,Y,73.9,02-10-2026,港元,2,0.79,-0.37,-2.24,-2.12,1.89,2.09,4.95,8.49,5.62,6.98,30-09-2026,1.5,LU0784385170,2,"平衡型","環球","","",""
U45275,"聯博 - 跨領域收益基金AD類股份 (港元 每月派息-現金派息)","美元平衡型股債混合","平衡型股債混合","聯博香港有限公司",N,N,60.37,02-10-2026,港元,2,4.59,-0.58,-1.4,-0.73,4.94,6.34,9.13,13.05,7.24,8.47,30-09-2026,1.5,LU1127390414,3,"平衡型","環球","","",""
U45253,"滙豐組合 – 環球智選2 AM類 (港元 每月分派-現金派息)","美元平衡型股債混合","平衡型股債混合","滙豐環球投資管理 (香港) 有限公司",N,Y,11.089,02-10-2026,港元,2,4.46,-0.12,-0.85,-0.73,3.69,6.62,5.62,9.92,5.52,2.96,30-09-2026,1,LU1066048270,2,"平衡型","環球","","",""
U44497,"富達基金 - 環球多元收益基金A類別股份 (美元 累積)","美元平衡型股債混合","平衡型股債混合","富達基金(香港)有限公司",N,N,15.5,02-10-2026,美元,2,3.89,-1.02,-2.45,-2.02,2.31,5.59,3.24,4.6,2,0,30-09-2026,1.25,LU0905233846,1,"平衡型","環球","","",""
U44924,"富達基金 - 環球多元收益基金A類別股份 (港元 每月特色派息(G)-現金派息)(每月投資計劃)","美元平衡型股債混合","平衡型股債混合","富達基金(香港)有限公司",N,N,8.007,02-10-2026,港元,2,4.77,-1,-2.39,-1.93,2.46,6.47,2.65,4.77,2.57,5.48,30-09-2026,1.25,LU0905234497,1,"平衡型","環球","","",""
U44699,"安聯收益及增長基金AM類收息股份 (港元 每月派息-現金派息) (每月投資計劃)","美元平衡型股債混合","平衡型股債混合","安聯環球投資亞太有限公司",N,Y,8.1308,02-10-2026,港元,3,6.04,-0.26,0.07,-2.56,7.35,7.81,9.31,17.43,12.37,7.84,30-09-2026,1.5,LU0820561909,4,"平衡型","環球","","",""
U45132,"高盛全球多元資產收益投資組合(其他貨幣類股份 港元 總收益每月分派-現金派息)","美元平衡型股債混合","平衡型股債混合","高盛資產管理（香港）有限公司",N,N,94.93,02-10-2026,港元,2,3.11,-0.53,-1.92,-1.93,2.83,5.79,7.23,12.67,10.48,6.49,30-09-2026,1.25,LU2011196776,3,"平衡型","環球","","",""
U44500,"富達基金 - 環球多元收益基金A類別股份 (港元 每月特色派息(G)-現金派息)","美元平衡型股債混合","平衡型股債混合","富達基金(香港)有限公司",N,N,8.007,02-10-2026,港元,2,4.77,-1,-2.39,-1.93,2.46,6.47,2.65,4.77,2.57,5.48,30-09-2026,1.25,LU0905234497,1,"平衡型","環球","","",""
U42269,"恒生環球均衡增長基金A類單位 (美元 累積收益單位)","美元平衡型股債混合","平衡型股債混合","恒生投資管理有限公司",Y,Y,44.0883,30-09-2026,美元,2,11.48,-0.65,-1.32,-1.5,15,15.61,8.65,14.82,7.53,0,30-09-2026,1,HK0000284585,4,"平衡型","環球","","",""
U42279,"恒生環球均衡增長基金A類單位 (美元 累積收益單位) (每月投資計劃)","美元平衡型股債混合","平衡型股債混合","恒生投資管理有限公司",N,Y,44.0883,30-09-2026,美元,2,11.48,-0.65,-1.32,-1.5,15,15.61,8.65,14.82,7.53,0,30-09-2026,1,HK0000284585,4,"平衡型","環球","","",""
U42924,"貝萊德全球基金  - 環球資產配置基金A2類股份 (歐元 累積)","美元平衡型股債混合","平衡型股債混合","貝萊德資產管理北亞有限公司",N,Y,87.47,02-10-2026,歐羅,3,10.19,1.02,2.48,0.77,11.78,13.05,16.1,8.65,14.94,0,30-09-2026,1.5,LU0171283459,4,"平衡型","環球","","",""
U42270,"恒生環球平穩增長基金A類單位 (美元 累積收益單位)","美元平衡型股債混合","平衡型股債混合","恒生投資管理有限公司",Y,Y,30.9812,30-09-2026,美元,2,2.63,-0.91,-3.14,-1.63,2.73,4.91,0.3,8.81,2.04,0,30-09-2026,1,HK0000284619,1,"平衡型","環球","","",""
U42925,"貝萊德全球基金  - 環球資產配置基金A2類股份 (美元 累積)","美元平衡型股債混合","平衡型股債混合","貝萊德資產管理北亞有限公司",N,Y,98.62,02-10-2026,美元,3,5.92,-0.1,-0.41,-0.76,9.3,8.73,8.82,12.52,6.27,0,30-09-2026,1.5,LU0072462426,4,"平衡型","環球","","",""
U44746,"摩根全方位入息（港元）（每月派息-現金派息）(每月投資計劃)","美元平衡型股債混合","平衡型股債混合","摩根資產管理",N,N,10.54,30-09-2026,港元,2,5.91,-0.76,-2.05,-1.44,4.99,8.3,6.79,7.82,9.68,6.62,30-09-2026,1.25,HK0000084522,3,"平衡型","環球","","",""
U45161,"貝萊德全球基金  - 環球資產配置基金A2類股份 (港元對沖 累積)","美元平衡型股債混合","平衡型股債混合","貝萊德資產管理北亞有限公司",N,Y,22.14,02-10-2026,港元,3,4.73,-0.14,-0.54,-1.12,8.53,7.32,7.58,11.1,6.1,0,30-09-2026,1.5,LU0788109477,3,"平衡型","環球","","",""
U42278,"恒生環球平穩增長基金A類單位 (美元 累積收益單位) (每月投資計劃)","美元平衡型股債混合","平衡型股債混合","恒生投資管理有限公司",N,Y,30.9812,30-09-2026,美元,2,2.63,-0.91,-3.14,-1.63,2.73,4.91,0.3,8.81,2.04,0,30-09-2026,1,HK0000284619,1,"平衡型","環球","","",""
U45445,"恒生環球平穩增長基金A類單位 (港元 每月現金派息)","美元平衡型股債混合","平衡型股債混合","恒生投資管理有限公司",Y,Y,10.3916,30-09-2026,港元,2,3.48,-0.89,-3.07,-1.58,2.85,5.76,-0.42,0,0,5.17,30-09-2026,1,HK0000971306,,"平衡型","環球","","",""
U45883,"施羅德環球基金系列- 環球股債增長收息 A類股份 (港元 每月分派-現金派息 MF)","美元平衡型股債混合","平衡型股債混合","施羅德投資管理(香港)有限公司",N,Y,1157.7957,02-10-2026,港元,3,12.08,-0.67,-1.79,-0.39,9.81,14.5,6.97,15.51,4.61,7.95,30-09-2026,1.25,LU1900986487,5,"平衡型","環球","","",""
U45737,"施羅德環球基金系列- 環球股債增長收息 A類股份 (港元對沖 每月收息單位-現金派息 MF)","美元平衡型股債混合","平衡型股債混合","施羅德投資管理(香港)有限公司",N,N,114.1187,02-10-2026,港元,3,10.04,-0.72,-1.93,-0.76,8.93,12.1,0,0,0,5.96,30-09-2026,1.25,LU3054686905,,"平衡型","環球","","",""
U45613,"摩根全方位入息(美元)(資息月派-現金派息)","美元平衡型股債混合","平衡型股債混合","摩根資產管理",Y,Y,10.04,30-09-2026,美元,2,4.95,-0.89,-2.23,-1.56,4.88,7.26,0,0,0,8.4,30-09-2026,1.25,HK0001089942,,"平衡型","環球","","",""
U44745,"駿利亨德森平衡基金A5m類股份 (港元 每月入息-現金派息) (每月投資計劃)","美元平衡型股債混合","平衡型股債混合","駿利亨德森投資",N,N,14.9,02-10-2026,港元,3,3.91,-0.2,-0.84,0.3,8.39,4.81,13.04,13.67,16.09,4.02,30-09-2026,1,IE00B775H168,4,"平衡型","環球","","",""
U43907,"鄧普頓環球入息基金A類 (美元 累積)","美元平衡型股債混合","平衡型股債混合","富蘭克林鄧普頓投資",N,N,27.2,02-10-2026,美元,3,10.79,-1.45,-4.12,0.63,7.85,15.65,1.79,11.88,-1.65,0,30-09-2026,1.35,LU0211326755,3,"平衡型","環球","","",""
U45367,"安聯環球智能城市收益基金AT 類累積股份 (美元)","美元平衡型股債混合","平衡型股債混合","安聯環球投資亞太有限公司",N,N,26.6305,02-10-2026,美元,4,27.83,0.92,5.87,-0.37,21.98,30.9,13.54,17.42,13.26,0,30-09-2026,1.9,LU1992135399,4,"平衡型","環球","","",""
U45200,"霸菱環球均衡基金A類別 (美元) 累積","美元平衡型股債混合","平衡型股債混合","霸菱資產管理(亞洲)有限公司",N,N,50.3,02-10-2026,美元,3,10.45,-0.49,-0.69,0.1,12.5,12.7,8.63,8.33,0,0,30-09-2026,1,IE0009HL3FB0,4,"平衡型","環球","","",""
U44665,"東方匯理香港組合 - 靈活配置均衡基金普通類別美元 - 分派 (現金派息)","美元平衡型股債混合","平衡型股債混合","東方匯理資產管理香港有限公司",Y,Y,10.17,30-09-2026,美元,2,5.86,-0.78,-2.41,-1.41,8.63,8.44,7.51,5.55,1.55,4.38,30-09-2026,1.2,HK0000200599,3,"平衡型","環球","","",""
U44498,"富達基金 - 環球多元收益基金A類別股份 (美元 每月特色派息(G)-現金派息)","美元平衡型股債混合","平衡型股債混合","富達基金(香港)有限公司",N,N,7.923,02-10-2026,美元,2,3.92,-1.04,-2.44,-1.99,2.32,5.61,3.24,4.64,2,5.53,30-09-2026,1.25,LU0905234141,1,"平衡型","環球","","",""
U44520,"貝萊德全球基金 - 環球多元資產入息基金A6類股份 (美元 每月派息股份-現金派息)","美元平衡型股債混合","平衡型股債混合","貝萊德資產管理北亞有限公司",N,Y,8.18,02-10-2026,美元,2,1.94,-0.35,-2.13,-1.79,2.64,3.43,6.23,9.88,5.77,6.83,30-09-2026,1.5,LU0784384876,2,"平衡型","環球","","",""
U43892,"鄧普頓環球價值及入息基金A類 (美元 累積)","美元平衡型股債混合","平衡型股債混合","富蘭克林鄧普頓投資",N,N,51.4,02-10-2026,美元,3,12.82,-1.38,-4.25,0.88,9.32,18.16,2.57,14.92,5.74,0,30-09-2026,1.3,LU0128525689,5,"平衡型","環球","","",""
U43918,"富蘭克林入息基金A類 (美元 每月分派-現金派息)","美元平衡型股債混合","平衡型股債混合","富蘭克林鄧普頓投資",N,Y,9.6,02-10-2026,美元,2,4.82,-0.75,-2.84,-1.13,2.12,6.93,6.01,7.01,13.88,8.33,30-09-2026,1.35,LU0098860793,3,"平衡型","環球","","",""
U44695,"富達基金 - 歐洲多元收益基金 A類別股份 - 累積 - 美元（對沖）","美元平衡型股債混合","平衡型股債混合","富達基金(香港)有限公司",N,N,17.53,02-10-2026,美元,2,0.98,-1.41,-2.67,-1.3,1.45,2.75,7.97,9.82,8.64,0,30-09-2026,1,LU1046421449,3,"平衡型","環球","","",""
U44317,"貝萊德全球基金 - ESG多元資產基金A2類股份 (美元對沖)","美元平衡型股債混合","平衡型股債混合","貝萊德資產管理北亞有限公司",N,N,67.22,02-10-2026,美元,3,10.07,0.72,1.01,0.76,10.78,13.6,8.38,7.54,15.74,0,30-09-2026,1.5,LU0494093205,4,"平衡型","環球","","",""
U45642,"駿利亨德森平衡基金A6M類股份 (美元 每月入息-現金派息)","美元平衡型股債混合","平衡型股債混合","駿利亨德森投資",N,Y,11.39,02-10-2026,美元,3,3.07,-0.18,-0.89,0.24,8.26,3.96,13.61,0,0,7.02,30-09-2026,1,IE0005OL40V9,3,"平衡型","環球","","",""
U45767,"東方匯理系列基金 - 收益機遇基金(港元 累積股份)","美元平衡型股債混合","平衡型股債混合","東方匯理資產管理香港有限公司",N,Y,53.32,02-10-2026,港元,2,6.32,-0.93,-3.25,1.35,4.08,0,0,0,0,0,,1.5,LU3238209020,,"平衡型","環球","","",""
U44744,"東方匯理香港組合 - 靈活配置均衡基金普通類別港元 - 分派 (現金派息) (每月投資計劃)","美元平衡型股債混合","平衡型股債混合","東方匯理資產管理香港有限公司",N,Y,10.51,30-09-2026,港元,2,6.71,-0.76,-2.32,-1.43,8.63,9.28,6.96,5.52,2.16,4.36,30-09-2026,1.2,HK0000251790,3,"平衡型","環球","","",""
U44499,"富達基金 - 環球多元收益基金A類別股份 (港元 累積)","美元平衡型股債混合","平衡型股債混合","富達基金(香港)有限公司",N,N,15.65,02-10-2026,港元,2,4.75,-1.01,-2.43,-1.94,2.42,6.46,2.61,4.83,2.58,0,30-09-2026,1.25,LU0905234067,1,"平衡型","環球","","",""
U44780,"東方匯理香港組合 - 靈活配置平穩基金普通類別港元 - 分派 (現金派息)","美元保守型股債混合","保守型股債混合","東方匯理資產管理香港有限公司",Y,Y,8.07,30-09-2026,港元,2,1.35,-0.86,-2.25,-2.74,2.22,2.72,1.52,4.99,-1.32,5.03,30-09-2026,1.2,HK0000291861,1,"保守型","環球","","",""
U45289,"滙豐組合 - 環球智選1 AM類 (港元 每月分派-現金派息)","美元保守型股債混合","保守型股債混合","滙豐環球投資管理 (香港) 有限公司",N,Y,9.414,02-10-2026,港元,2,2.04,-0.01,-0.74,-1.12,1.09,3.49,3.51,6.71,1.71,3.5,30-09-2026,1,LU1066047389,2,"保守型","環球","","",""
U44494,"施羅德環球基金系列-環球股債收息 A類別 MF (港元 每月收息單位-現金派息)","美元保守型股債混合","保守型股債混合","施羅德投資管理(香港)有限公司",N,N,602.9052,02-10-2026,港元,2,4.3,-1.11,-2.57,-0.39,4.58,6.75,4.86,11.74,5.18,6.58,30-09-2026,1.25,LU0894486033,4,"保守型","環球","","",""
U50004,"滙豐集合投資信託 - 滙豐環球可持續多元資產入息基金AM2類 (美元 每月分派-現金派息)","美元保守型股債混合","保守型股債混合","滙豐環球投資管理 (香港) 有限公司",Y,Y,9.378,30-09-2026,美元,2,2.64,-1.01,-2.12,-1.63,5.2,4.2,4.61,12,0,4.04,30-09-2026,1.25,HK0000748027,3,"保守型","環球","","",""
U44722,"景順泛歐洲收益策略基金 A(每月派息 -1 股份)(美元對沖) - 現金派息","美元保守型股債混合","保守型股債混合","景順投資管理有限公司",N,Y,8.9,02-10-2026,美元,3,2.84,-0.91,-1.67,-1.82,3.41,4.83,6.88,11.82,5.83,7.72,30-09-2026,1.25,LU1097692237,5,"保守型","環球","","",""
U44858,"晉達環球策略基金 - 環球入息導向基金A類別 (港元 收益-3股份 每月派息-現金派息)","美元保守型股債混合","保守型股債混合","晉達資產管理香港有限公司",N,Y,84.26,02-10-2026,港元,2,2.55,-0.27,-0.81,-0.62,1.53,3.16,2.83,6.14,1.1,5.3,30-09-2026,1.15,LU1410565656,3,"保守型","環球","","",""
U43813,"滙豐穩健管理基金A類 (港元) (每月投資計劃)","美元保守型股債混合","保守型股債混合","滙豐環球投資管理 (香港) 有限公司",N,N,15.94,30-09-2026,港元,2,0.69,-0.93,-2.27,-2.45,1.53,1.4,0.9,3.52,-2.92,0,30-09-2026,1.5,HK0000434289,1,"保守型","環球","","",""
U45057,"滙豐環球投資基金 - 美國聚焦入息 AM2類（港元 每月分派-現金派息）","美元保守型股債混合","保守型股債混合","滙豐環球投資管理 (香港) 有限公司",N,Y,11.045,02-10-2026,港元,3,5.9,-0.28,-1.41,-0.31,6.94,7.82,11.98,13.9,17.5,4.62,30-09-2026,1.25,LU2083900667,5,"保守型","環球","","",""
U45312,"滙豐集合投資信託-滙豐環球可持續多元資產入息基金AM2類(港元 每月分派現金派息) (每月投資計劃)","美元保守型股債混合","保守型股債混合","滙豐環球投資管理 (香港) 有限公司",N,Y,9.445,30-09-2026,港元,2,3.5,-0.98,-1.95,-1.57,5.31,5.11,4.04,12.1,0,4.03,30-09-2026,1.25,HK0000748035,3,"保守型","環球","","",""
U45056,"滙豐環球投資基金 – 美國聚焦入息 AM2類（美元 每月分派-現金派息）","美元保守型股債混合","保守型股債混合","滙豐環球投資管理 (香港) 有限公司",N,Y,10.936,02-10-2026,美元,2,5.01,-0.33,-1.48,-0.37,6.8,6.92,12.63,13.62,16.81,4.63,30-09-2026,1.25,LU2083900584,5,"保守型","環球","","",""
U42474,"施羅德資本平穩基金C類股份 (美元 累積單位)","美元保守型股債混合","保守型股債混合","施羅德投資管理(香港)有限公司",N,N,4.09,30-09-2026,美元,2,2.51,-0.73,-2.15,-1.21,4.07,3.54,4.07,5.2,-0.26,0,30-09-2026,0.625,HK0000213535,3,"保守型","環球","","",""
U50005,"滙豐集合投資信託 - 滙豐環球可持續多元資產入息基金AM2類 (港元 每月分派-現金派息)","美元保守型股債混合","保守型股債混合","滙豐環球投資管理 (香港) 有限公司",Y,Y,9.445,30-09-2026,港元,2,3.5,-0.98,-1.95,-1.57,5.31,5.11,4.04,12.1,0,4.03,30-09-2026,1.25,HK0000748035,3,"保守型","環球","","",""
U44857,"晉達環球策略基金 - 環球入息導向基金A類別 (美元 收益-3股份 每月派息-現金派息)","美元保守型股債混合","保守型股債混合","晉達資產管理香港有限公司",N,Y,16.66,02-10-2026,美元,2,1.71,-0.33,-0.92,-0.69,1.4,2.31,3.39,6.02,0.54,5.35,30-09-2026,1.15,LU1410565573,3,"保守型","環球","","",""
U40317,"滙豐穩健管理基金A類 (港元)","美元保守型股債混合","保守型股債混合","滙豐環球投資管理 (香港) 有限公司",N,N,15.94,30-09-2026,港元,2,0.69,-0.93,-2.27,-2.45,1.53,1.4,0.9,3.52,-2.92,0,30-09-2026,1.5,HK0000434289,1,"保守型","環球","","",""
U44493,"施羅德環球基金系列-環球股債收息 A類別 MF (美元 每月收息單位-現金派息)","美元保守型股債混合","保守型股債混合","施羅德投資管理(香港)有限公司",N,N,79.24,02-10-2026,美元,2,3.46,-1.14,-2.62,-0.45,4.45,5.86,5.48,11.54,4.56,6.6,30-09-2026,1.25,LU0757359954,4,"保守型","環球","","",""
U44860,"摩根全方位均衡(美元)(每月派息-現金派息)","美元保守型股債混合","保守型股債混合","摩根資產管理",Y,Y,9.27,30-09-2026,美元,2,0.61,-0.89,-2.35,-2.53,1.4,2.49,5.43,7.08,3.6,5.95,30-09-2026,1.25,HK0000312832,3,"保守型","環球","","",""
U44861,"摩根全方位均衡(港元)(每月派息-現金派息)","美元保守型股債混合","保守型股債混合","摩根資產管理",Y,Y,9.36,30-09-2026,港元,2,1.27,-0.98,-2.42,-2.59,1.41,3.37,4.97,7.06,4.17,5.93,30-09-2026,1.25,HK0000312840,3,"保守型","環球","","",""
U44779,"東方匯理香港組合 - 靈活配置平穩基金普通類別美元 - 分派 (現金派息)","美元保守型股債混合","保守型股債混合","東方匯理資產管理香港有限公司",N,N,7.71,30-09-2026,美元,2,0.48,-0.9,-2.5,-2.8,2.08,1.72,2.05,5.01,-1.88,5.06,30-09-2026,1.2,HK0000200565,2,"保守型","環球","","",""
U45832,"法巴 - 多元資產機會基金 經典 (歐元對沖 每月分派-現金派息)","歐元靈活型股債混合 - 環球","靈活型股債混合 - 環球","法國巴黎資產管理",N,Y,102.93,01-10-2026,歐羅,2,1.44,-0.97,-2.11,-3.25,1.99,2.66,0,0,0,4.33,30-09-2026,1.25,LU3092562126,,"靈活型","環球","","","靈活型"
U42970,"富達基金- 環球多元機遇基金 - A類別股份 - 美元","歐元靈活型股債混合 - 環球","靈活型股債混合 - 環球","富達基金(香港)有限公司",N,N,18.7,02-10-2026,美元,3,-0.21,-1.01,-2.6,-1.96,5.69,1.13,2.19,6.87,2.19,1.37,30-09-2026,1.25,LU0138981039,2,"靈活型","環球","","","靈活型"
U45663,"宏利環球基金 - 環球多元資產入息基金AA類股份 (英鎊對沖 每月派息 (G)-現金派息)","英鎊靈活型股債混合","靈活型股債混合","宏利資產管理(香港)有限公司",N,N,0.9793,02-10-2026,英鎊,4,3.58,-0.52,-1.3,-0.04,5.89,5.19,10.7,11.4,9.26,8.65,30-09-2026,1.5,LU2100725782,3,"靈活型","環球","","","靈活型"
U45833,"法巴 - 多元資產機會基金 經典 (英鎊對沖 每月分派-現金派息)","英鎊靈活型股債混合","靈活型股債混合","法國巴黎資產管理",N,Y,103.21,01-10-2026,英鎊,2,2.66,-1.09,-2.14,-2.99,2.76,4.39,0,0,0,6.08,30-09-2026,1.25,LU3092562399,,"靈活型","環球","","","靈活型"
U45781,"宏利環球基金 - 環球多元資產入息基金F類股份 (英鎊對沖 每月派息 (G)-現金派息)","英鎊靈活型股債混合","靈活型股債混合","宏利資產管理(香港)有限公司",N,Y,9.6397,02-10-2026,英鎊,4,3.51,-0.52,-1.31,-0.1,5.79,0,0,0,0,0,,1.5,LU3146861011,,"靈活型","環球","","","靈活型"
U45067,"鄧普頓新興市場動力入息基金A類 (美元 每月分派-現金派息)","環球新興市場股債混合","環球新興市場股債混合","富蘭克林鄧普頓投資",N,N,9.47,02-10-2026,美元,3,17.57,-0.53,-0.63,1.38,14.57,23.21,3.98,12.62,-5.74,5.27,30-09-2026,1.5,LU1733274390,5,"平衡型","新興市場","","",""
U45068,"鄧普頓新興市場動力入息基金A類 (港元 每月分派-現金派息)","環球新興市場股債混合","環球新興市場股債混合","富蘭克林鄧普頓投資",N,N,9.47,02-10-2026,港元,3,18.55,-0.43,-0.43,1.49,14.71,24.28,3.23,12.85,-5.17,5.25,30-09-2026,1.5,LU1733274473,5,"平衡型","新興市場","","",""
U45220,"聯博 - 新興市場股債基金AD類股份 (港元 每月派息-現金派息)  (每月投資計劃)","環球新興市場股債混合","環球新興市場股債混合","聯博香港有限公司",N,Y,114.85,02-10-2026,港元,4,20.97,-0.87,-0.07,1.93,14.18,24.51,12.96,15.76,-0.78,5.2,30-09-2026,1.6,LU0683595622,4,"平衡型","新興市場","","",""
U44899,"滙豐環球投資基金－環球新興市場多元資產入息AM2類 (港元 每月分派-現金派息)","環球新興市場股債混合","環球新興市場股債混合","滙豐環球投資管理 (香港) 有限公司",N,Y,7.373,02-10-2026,港元,3,5.63,-0.99,-1.47,-0.43,4.94,7.82,0.29,9.78,-4.92,5.82,30-09-2026,1.35,LU1711226867,2,"平衡型","新興市場","","",""
U44898,"滙豐環球投資基金－環球新興市場多元資產入息AM2類 (美元 每月分派-現金派息)","環球新興市場股債混合","環球新興市場股債混合","滙豐環球投資管理 (香港) 有限公司",N,Y,7.345,02-10-2026,美元,3,4.74,-1.05,-1.54,-0.5,4.79,6.92,0.94,9.51,-5.51,5.84,30-09-2026,1.35,LU1711226354,2,"平衡型","新興市場","","",""
U44808,"聯博 - 新興市場股債基金AD類股份 (美元 每月派息-現金派息)","環球新興市場股債混合","環球新興市場股債混合","聯博香港有限公司",N,Y,14.64,02-10-2026,美元,4,20.01,-0.9,-0.16,1.91,14.07,23.44,13.58,15.69,-1.38,5.2,30-09-2026,1.6,LU0633140727,4,"平衡型","新興市場","","",""
U44809,"聯博 - 新興市場股債基金AD類股份 (港元 每月派息-現金派息)","環球新興市場股債混合","環球新興市場股債混合","聯博香港有限公司",N,Y,114.85,02-10-2026,港元,4,20.97,-0.87,-0.07,1.93,14.18,24.51,12.96,15.76,-0.78,5.2,30-09-2026,1.6,LU0683595622,4,"平衡型","新興市場","","",""
U45333,"貝萊德全球基金 -動力高息基金A6類股份 (港元對沖 每月派息股份-現金派息)","美元靈活型股債混合","靈活型股債混合","貝萊德資產管理北亞有限公司",N,N,74.88,02-10-2026,港元,3,3.84,-0.43,-1.96,-0.74,6.06,5.64,8.05,11.84,9.86,7.84,30-09-2026,1.5,LU1697837992,2,"靈活型","環球","","","靈活型"
U45685,"貝萊德全球基金 -動力高息基金A11類股份 (港元對沖 每月派息股份-現金派息)","美元靈活型股債混合","靈活型股債混合","貝萊德資產管理北亞有限公司",N,Y,100.31,02-10-2026,港元,3,3.83,-0.43,-1.96,-0.73,6.05,5.64,0,0,0,9.45,30-09-2026,1.5,LU3042763477,,"靈活型","環球","","","靈活型"
U45659,"宏利環球基金 - 環球多元資產入息基金F類股份 (美元 每月派息 (G)-現金派息)","美元靈活型股債混合","靈活型股債混合","宏利資產管理(香港)有限公司",N,Y,10.3906,02-10-2026,美元,3,3.98,-0.49,-1.26,0.06,6.12,5.71,0,0,0,10.27,30-09-2026,1.5,LU3017961619,,"靈活型","環球","","","靈活型"
U45871,"施羅德靈活配置總回報基金 R類別 MF (港元 每月分派-現金派息)","美元靈活型股債混合","靈活型股債混合","施羅德投資管理(香港)有限公司",Y,Y,114.8,30-09-2026,港元,3,6.16,-0.97,-1.81,-2.16,8.25,8.64,0,0,0,5,30-09-2026,1,HK0001122099,,"靈活型","環球","","","靈活型"
U45828,"法巴 - 多元資產機會基金 經典 (美元 每月分派-現金派息)","美元靈活型股債混合","靈活型股債混合","法國巴黎資產管理",N,Y,53.3,01-10-2026,美元,2,2.95,-1.08,-2.11,-3,2.8,4.72,5.22,1.59,-9.11,5.96,30-09-2026,1.25,LU1270633545,,"靈活型","環球","","","靈活型"
U45678,"普徠仕(盧森堡)系列 – 環球多元資產收益基金A8P類 (美元 每月派息-現金派息)","美元靈活型股債混合","靈活型股債混合","普徠仕香港有限公司",N,Y,10.09,02-10-2026,美元,2,4.64,-0.49,-1.09,-0.53,7.05,7.06,0,0,0,8.08,30-09-2026,1.2,LU3052042341,,"靈活型","環球","","","靈活型"
U43346,"摩根全天候組合基金 (美元)","美元靈活型股債混合","靈活型股債混合","摩根資產管理",N,N,38.42,30-09-2026,美元,3,5.61,-1.08,-1.79,-1.03,8.53,8.19,9.91,12.76,9.89,0,30-09-2026,0.5,HK0000055829,4,"靈活型","環球","","","靈活型"
U45660,"宏利環球基金 - 環球多元資產入息基金F類股份 (港元 每月派息 (G)-現金派息)","美元靈活型股債混合","靈活型股債混合","宏利資產管理(香港)有限公司",N,Y,10.5067,02-10-2026,港元,3,4.82,-0.46,-1.2,0.11,6.25,6.59,0,0,0,10.23,30-09-2026,1.5,LU3017961700,,"靈活型","環球","","","靈活型"
U45835,"法巴 - 多元資產機會基金 經典 (日元對沖 每月分派-現金派息)","美元靈活型股債混合","靈活型股債混合","法國巴黎資產管理",N,Y,10110,01-10-2026,日圓,2,0.89,-0.85,-1.99,-3.4,1.66,1.72,0,0,0,2.28,30-09-2026,1.25,LU3170939006,,"靈活型","環球","","","靈活型"
U45829,"法巴 - 多元資產機會基金 經典 (港元 每月分派-現金派息)","美元靈活型股債混合","靈活型股債混合","法國巴黎資產管理",N,Y,53.94,01-10-2026,港元,2,3.82,-1.03,-2.03,-2.96,2.96,5.62,4.69,1.62,-8.62,5.89,30-09-2026,1.25,LU1270634519,,"靈活型","環球","","","靈活型"
U45332,"貝萊德全球基金 -動力高息基金A6類股份 (美元 每月派息股份-現金派息)","美元靈活型股債混合","靈活型股債混合","貝萊德資產管理北亞有限公司",N,N,8.14,02-10-2026,美元,3,5.05,-0.4,-1.83,-0.39,6.91,7.1,9.45,13.19,9.99,7.69,30-09-2026,1.5,LU1564329115,3,"靈活型","環球","","","靈活型"
U45684,"貝萊德全球基金 -動力高息基金A11類股份 (美元 每月派息股份-現金派息)","美元靈活型股債混合","靈活型股債混合","貝萊德資產管理北亞有限公司",N,Y,9.88,02-10-2026,美元,3,4.94,-0.44,-1.91,-0.42,6.81,7.04,0,0,0,9.27,30-09-2026,1.5,LU2971648998,,"靈活型","環球","","","靈活型"
U45679,"普徠仕(盧森堡)系列 – 環球多元資產收益基金A8P類 (港元 每月派息-現金派息)","美元靈活型股債混合","靈活型股債混合","普徠仕香港有限公司",N,Y,101.86,02-10-2026,港元,2,5.45,-0.44,-1.08,-0.46,7.2,7.91,0,0,0,8.06,30-09-2026,1.2,LU3052042424,,"靈活型","環球","","","靈活型"
U45827,"法巴 - 多元資產機會基金 經典 (美元 累積)","美元靈活型股債混合","靈活型股債混合","法國巴黎資產管理",N,Y,108.8,01-10-2026,美元,2,3.49,-0.57,-1.61,-2.5,3.33,5.27,5.25,1.59,-9.11,0,30-09-2026,1.25,LU1270633115,,"靈活型","環球","","","靈活型"
U45680,"普徠仕(盧森堡)系列 – 環球多元資產收益基金A8PN 類 (澳元對沖 每月派息-現金派息)","美元靈活型股債混合","靈活型股債混合","普徠仕香港有限公司",N,Y,10.05,02-10-2026,澳元,2,4.54,-0.51,-1.09,-0.44,7.18,6.83,0,0,0,8.09,30-09-2026,1.2,LU3052042697,,"靈活型","環球","","","靈活型"
U45681,"普徠仕(盧森堡)系列 – 環球多元資產收益基金A8PN類 (人民幣對沖 每月派息-現金派息)","美元靈活型股債混合","靈活型股債混合","普徠仕香港有限公司",N,Y,97.01,02-10-2026,人民幣,2,2.57,-0.53,-1.4,-1.16,5.63,4.25,0,0,0,8.25,30-09-2026,1.2,LU3052042770,,"靈活型","環球","","","靈活型"
U45786,"普徠仕(盧森堡)系列 – 環球多元資產收益基金A8PN類 (英鎊對沖 每月派息-現金派息)","美元靈活型股債混合","靈活型股債混合","普徠仕香港有限公司",N,Y,9.82,02-10-2026,英鎊,2,4.5,-0.51,-1.13,-0.6,7.03,0,0,0,0,0,,1.2,LU3231915813,,"靈活型","環球","","","靈活型"
U45870,"施羅德靈活配置總回報基金 R類別 MF (美元 每月分派-現金派息)","美元靈活型股債混合","靈活型股債混合","施羅德投資管理(香港)有限公司",Y,Y,11.35,30-09-2026,美元,3,5.77,-1.05,-1.92,-2.27,8.69,8.24,0,0,0,5.53,30-09-2026,1,HK0001122081,,"靈活型","環球","","","靈活型"
U44730,"東方匯理香港組合 - 靈活配置均衡基金普通類別英鎊(對沖) - 分派 (現金派息)","英鎊股債混合 – 40%-60%股票","股債混合 – 40%-60%股票","東方匯理資產管理香港有限公司",Y,Y,10.63,30-09-2026,英鎊,3,5.55,-0.84,-2.38,-1.49,8.34,8.02,6.9,4.54,1.19,4.36,30-09-2026,1.2,HK0000267432,2,"平衡型","環球","","","綜合"
U45878,"高盛全球多元資產收益投資組合 其他貨幣類股份 (英鎊對沖 優越收益 每月分派-現金派息)","英鎊股債混合 – 40%-60%股票","股債混合 – 40%-60%股票","高盛資產管理（香港）有限公司",N,Y,96.9,02-10-2026,英鎊,3,0,-0.57,-1.96,-1.96,0,0,0,0,0,0,,1.25,LU3304319117,,"平衡型","環球","","","綜合"
U45487,"富蘭克林入息基金 A類（英鎊-對沖1 每月分派- 現金派息）","英鎊股債混合 – 40%-60%股票","股債混合 – 40%-60%股票","富蘭克林鄧普頓投資",N,Y,10.32,02-10-2026,英鎊,3,4.66,-0.74,-2.79,-1.1,2.07,6.82,5.65,0,0,8.33,30-09-2026,1.35,LU2679920707,,"平衡型","環球","","","綜合"
U44550,"安聯收益及增長基金AM類收息股份 (H2 英鎊對沖 每月派息-現金派息)","英鎊股債混合 – 40%-60%股票","股債混合 – 40%-60%股票","安聯環球投資亞太有限公司",N,Y,7.7492,02-10-2026,英鎊,3,5.09,-0.32,0,-2.62,7.2,6.79,9.59,16.44,11.36,7.3,30-09-2026,1.5,LU0820562386,4,"平衡型","環球","","","綜合"
U45190,"貝萊德全球基金  - 環球多元資產入息基金A8類股份 (英鎊對沖 每月派息股份-現金派息)","英鎊股債混合 – 40%-60%股票","股債混合 – 40%-60%股票","貝萊德資產管理北亞有限公司",N,Y,7.54,02-10-2026,英鎊,3,1.76,-0.43,-2.23,-1.84,2.55,3.22,5.74,8.68,5.43,6.76,30-09-2026,1.5,LU1003077663,2,"平衡型","環球","","","綜合"
U45507,"高盛全球多元資產收益投資組合(其他貨幣類股份 英鎊對沖 總收益每月分派-現金派息)","英鎊股債混合 – 40%-60%股票","股債混合 – 40%-60%股票","高盛資產管理（香港）有限公司",N,N,102.97,02-10-2026,英鎊,3,2.24,-0.58,-1.96,-1.97,2.72,4.82,0,0,0,6.51,30-09-2026,1.25,LU2743029410,,"平衡型","環球","","","綜合"
U45886,"施羅德環球基金系列- 環球股債增長收息 A類股份 (英鎊對沖 每月分派-現金派息 MFC)","英鎊股債混合 – 40%-60%股票","股債混合 – 40%-60%股票","施羅德投資管理(香港)有限公司",N,Y,116.7845,02-10-2026,英鎊,3,10.9,-0.71,-1.88,-0.49,9.54,13.15,0,0,0,6.26,30-09-2026,1.25,LU3054686657,,"平衡型","環球","","","綜合"
U45556,"PIMCO GIS 收益增長基金 M類零售收息II股份 (英鎊對沖 每月收息-現金派息)","英鎊股債混合 – 40%-60%股票","股債混合 – 40%-60%股票","PIMCO Asia Limited",N,Y,11.87,02-10-2026,英鎊,3,11.51,-0.32,-1.14,1.05,9.36,16.31,0,0,0,6.86,30-09-2026,1.6,IE0005A0PHX9,,"平衡型","環球","","","綜合"
U43707,"景順泛歐洲收益策略基金(累積)","歐元保守型股債混合","保守型股債混合","景順投資管理有限公司",N,N,27.62,02-10-2026,歐羅,3,1.54,-0.97,-1.81,-2.2,2.6,3.02,5.18,9.44,5.07,0,30-09-2026,1.25,LU0243957239,5,"保守型","環球","","",""
U43708,"景順泛歐洲收益策略基金(分派)","歐元保守型股債混合","保守型股債混合","景順投資管理有限公司",N,N,13.78,02-10-2026,歐羅,3,1.55,-0.93,-1.78,-2.18,2.6,3.05,5.17,9.43,5.02,4.08,30-09-2026,1.25,LU0243957312,5,"保守型","環球","","",""
U45535,"景順泛歐洲收益策略基金 A(每月派息 -1 股份)(歐元) - 現金派息","歐元保守型股債混合","保守型股債混合","景順投資管理有限公司",N,Y,7.61,02-10-2026,歐羅,3,1.51,-0.91,-1.8,-2.17,2.58,3.07,5.22,9.43,5.09,6.24,30-09-2026,1.25,LU1097692153,5,"保守型","環球","","",""
U44774,"滙豐集合投資信託 - 滙豐歐洲多元資產入息基金AM2類 (歐元 每月分派-現金派息)","歐元平衡型股債混合","平衡型股債混合","滙豐環球投資管理 (香港) 有限公司",Y,Y,9.93,30-09-2026,歐羅,3,3.46,-0.85,-2.86,-2.27,3.71,7.47,4.95,11.41,6.2,3.82,30-09-2026,1.25,HK0000284874,4,"平衡型","環球","","",""
U44696,"富達基金 - 歐洲多元收益基金 A類別股份 - 累積 - 歐元","歐元平衡型股債混合","平衡型股債混合","富達基金(香港)有限公司",N,N,19.22,02-10-2026,歐羅,3,0,-1.23,-2.44,-1.33,0.95,1.32,7.32,7.34,9.37,0,30-09-2026,1,LU0261950553,3,"平衡型","環球","","",""
U42313,"富達基金 - 歐洲多元收益基金 A類別股份 - 歐元","歐元平衡型股債混合","平衡型股債混合","富達基金(香港)有限公司",N,N,17.66,02-10-2026,歐羅,3,-0.03,-1.23,-2.43,-1.38,0.91,1.24,7.25,7.42,9.37,3.53,30-09-2026,1,LU0052588471,3,"平衡型","環球","","",""
U44496,"施羅德環球基金系列-環球股債收息 A類別 MF  (英鎊對沖 每月收息單位-現金派息)","英鎊股債混合 – 20%-40%股票","股債混合 – 20%-40%股票","施羅德投資管理(香港)有限公司",N,N,76.8577,02-10-2026,英鎊,3,3.3,-1.15,-2.64,-0.5,4.35,5.63,5.04,10.67,4.13,6.6,30-09-2026,1.25,LU0910996080,4,"保守型","環球","","","綜合"
U44781,"東方匯理香港組合 - 靈活配置平穩基金普通類別英鎊(對沖) - 分派 (現金派息)","英鎊股債混合 – 20%-40%股票","股債混合 – 20%-40%股票","東方匯理資產管理香港有限公司",N,N,7.7,30-09-2026,英鎊,3,0.23,-0.9,-2.5,-2.81,1.95,1.55,1.6,4.12,-2.35,5.03,30-09-2026,1.2,HK0000291838,1,"保守型","環球","","","綜合"
U45471,"滙豐環球投資基金 – 美國聚焦入息 AM3HGBP類（英鎊對沖 每月分派-現金派息）","英鎊股債混合 – 20%-40%股票","股債混合 – 20%-40%股票","滙豐環球投資管理 (香港) 有限公司",N,Y,10.623,02-10-2026,英鎊,3,4.87,-0.33,-1.5,-0.4,6.71,6.71,12.13,12.57,16.3,4.59,30-09-2026,1.25,LU2083901392,5,"保守型","環球","","","綜合"
U44851,"施羅德中國股債收息基金A類別 (人民幣對沖 每月收息單位-現金派息)","大中華股債混合","大中華股債混合","施羅德投資管理(香港)有限公司",Y,Y,99.1184,30-09-2026,人民幣,4,-3.62,-2.12,-3.99,-4.51,0.53,-7.43,4.93,-10.47,-2.31,0.96,30-09-2026,1.5,HK0000301447,3,"平衡型","大中華","","",""
U45612,"瑞銀(盧森堡)中國股債基金(P-6% 港元 每月分派-現金派息)","大中華股債混合","大中華股債混合","瑞銀資產管理（香港）有限公司",N,N,535.07,30-09-2026,港元,4,-1.81,-2.09,-3.46,-6.9,1.74,-5.94,12.64,-9.35,-19.99,6.45,30-09-2026,1.44,LU1226288170,2,"平衡型","大中華","","",""
U44631,"滙豐集合投資信託 - 滙豐中國多元資產入息基金AM2類 (人民幣 每月分派-現金派息)","大中華股債混合","大中華股債混合","滙豐環球投資管理 (香港) 有限公司",Y,Y,7.85,30-09-2026,人民幣,4,-6.9,-1.88,-3.24,-4.44,-0.86,-13.17,12.9,-13.23,-18.72,3.36,30-09-2026,1.35,HK0000216934,1,"平衡型","大中華","","",""
U44629,"滙豐集合投資信託 - 滙豐中國多元資產入息基金AM2類 (美元 每月分派-現金派息)","大中華股債混合","大中華股債混合","滙豐環球投資管理 (香港) 有限公司",Y,Y,7.177,30-09-2026,美元,4,-3.15,-1.83,-3.11,-3.3,2.06,-7.76,9.51,-15.61,-16.96,3.26,30-09-2026,1.35,HK0000216926,1,"平衡型","大中華","","",""
U44849,"施羅德中國股債收息基金A類別 (港元 每月收息單位-現金派息)","大中華股債混合","大中華股債混合","施羅德投資管理(香港)有限公司",Y,Y,105.2267,30-09-2026,港元,4,-0.95,-2.02,-3.67,-3.84,1.99,-4.21,7.41,-7.75,-4.03,2.87,30-09-2026,1.5,HK0000301405,3,"平衡型","大中華","","",""
U44974,"瑞銀(盧森堡)中國股債基金(P 美元 每月分派-現金派息)","大中華股債混合","大中華股債混合","瑞銀資產管理（香港）有限公司",N,Y,63.39,30-09-2026,美元,4,-2.59,-2.13,-3.55,-6.95,1.65,-6.73,13.3,-9.49,-20.43,5.37,30-09-2026,1.44,LU1226287875,2,"平衡型","大中華","","",""
U44976,"瑞銀(盧森堡)中國股債基金(P 港元 每月分派-現金派息)","大中華股債混合","大中華股債混合","瑞銀資產管理（香港）有限公司",N,Y,626.11,30-09-2026,港元,4,-1.81,-2.09,-3.46,-6.9,1.74,-5.94,12.64,-9.35,-19.99,5.34,30-09-2026,1.44,LU1951186391,2,"平衡型","大中華","","",""
U45409,"瑞銀(盧森堡)中國股債基金(P-6% 美元 每月分派-現金派息)","大中華股債混合","大中華股債混合","瑞銀資產管理（香港）有限公司",N,N,53.09,30-09-2026,美元,4,-2.6,-2.12,-3.56,-6.96,1.64,-6.74,13.3,-9.5,-20.43,6.47,30-09-2026,1.44,LU1226288253,2,"平衡型","大中華","","",""
U44630,"滙豐集合投資信託 - 滙豐中國多元資產入息基金AM2類 (港元 每月分派-現金派息)","大中華股債混合","大中華股債混合","滙豐環球投資管理 (香港) 有限公司",Y,Y,7.262,30-09-2026,港元,4,-2.35,-1.78,-3.01,-3.24,2.15,-6.97,8.94,-15.57,-16.5,3.25,30-09-2026,1.35,HK0000216942,1,"平衡型","大中華","","",""
U44848,"施羅德中國股債收息基金A類別 (美元 每月收息單位-現金派息)","大中華股債混合","大中華股債混合","施羅德投資管理(香港)有限公司",Y,Y,10.3974,30-09-2026,美元,4,-1.75,-2.06,-3.76,-3.9,1.91,-5.02,7.97,-7.79,-4.56,2.88,30-09-2026,1.5,HK0000301421,3,"平衡型","大中華","","",""
U42277,"施羅德環球基金系列 - 亞洲債券A類股份 (美元 累積單位)","亞洲債券","亞洲債券","施羅德投資管理(香港)有限公司",N,N,16.5918,02-10-2026,美元,2,-1.14,-0.11,-0.94,-0.96,-0.05,-0.9,4.64,5.48,-3.28,0,30-09-2026,1.25,LU0106250508,4,"","","綜合","亞洲",""
U44368,"PIMCO亞洲策略收益基金M類零售股份 (港元 每月收息-現金派息)","亞洲債券","亞洲債券","PIMCO Asia Limited",N,N,6.01,02-10-2026,港元,2,0.22,-0.68,-1.97,-1.86,0.14,0.95,6.25,3.71,-4.45,5.69,30-09-2026,1.5,IE00B3QS5W57,3,"","","綜合","亞洲",""
U39895,"滙豐亞洲債券基金AM2類 (美元 每月分派)","亞洲債券","亞洲債券","滙豐環球投資管理 (香港) 有限公司",Y,Y,6.433,30-09-2026,美元,2,-2.15,-1.19,-2.18,-2.72,-1.37,-2.04,2.94,5.67,-4.61,5.76,30-09-2026,1,HK0000349529,2,"","","綜合","亞洲",""
U44815,"富達基金 ﹣亞洲債券基金A類別股份 (美元 每月特色派息(G)-現金派息)","亞洲債券","亞洲債券","富達基金(香港)有限公司",N,N,7.425,02-10-2026,美元,2,-2.18,-0.64,-1.98,-2.68,-1.93,-1.77,3.18,4.43,-2.47,5.44,30-09-2026,0.75,LU1371569200,2,"","","綜合","亞洲",""
U43805,"滙豐亞洲債券基金AM2類 (美元 每月分派) (每月投資計劃)","亞洲債券","亞洲債券","滙豐環球投資管理 (香港) 有限公司",N,Y,6.433,30-09-2026,美元,2,-2.15,-1.19,-2.18,-2.72,-1.37,-2.04,2.94,5.67,-4.61,5.76,30-09-2026,1,HK0000349529,2,"","","綜合","亞洲",""
U44640,"摩根亞洲總收益債券(港元)(每月派息-現金派息)","亞洲債券","亞洲債券","摩根資產管理",Y,Y,6.43,30-09-2026,港元,2,-0.25,-0.85,-1.9,-2.05,-0.1,0.51,3.58,5.23,-3.92,6.83,30-09-2026,1,HK0000102936,3,"","","綜合","亞洲",""
U42919,"貝萊德全球基金 - 亞洲老虎債券基金A2類股份 (美元)","亞洲債券","亞洲債券","貝萊德資產管理北亞有限公司",N,N,44.43,02-10-2026,美元,2,-0.49,-0.27,-1.49,-1.55,-0.25,0.2,6.44,5.79,-7.41,0,30-09-2026,1,LU0063729296,3,"","","綜合","亞洲",""
U44336,"施羅德環球基金系列 - 亞洲債券 A類別 MV (港元 每月收息單位-現金派息)","亞洲債券","亞洲債券","施羅德投資管理(香港)有限公司",N,N,6.2759,02-10-2026,港元,2,-0.32,-0.08,-0.89,-0.9,0.08,-0.06,4.02,5.67,-2.72,5.7,30-09-2026,1.25,LU0532872552,4,"","","綜合","亞洲",""
U43440,"摩根亞洲總收益債券(美元)(每月派息)","亞洲債券","亞洲債券","摩根資產管理",N,N,7.3,30-09-2026,美元,2,-1.19,-1.08,-2.01,-2.28,-0.24,-0.34,4.14,5.31,-4.38,6.86,30-09-2026,1,HK0000055597,3,"","","綜合","亞洲",""
U44462,"安聯亞洲靈活債券基金AM類收息股份 (美元 每月派息-現金派息)","亞洲債券","亞洲債券","安聯環球投資亞太有限公司",N,N,4.817,02-10-2026,美元,2,-1.54,-0.53,-1.62,-1.92,-0.65,-0.96,3.61,4.46,-11.43,4.48,30-09-2026,1.5,LU0745992734,1,"","","綜合","亞洲",""
U44835,"首源亞洲優質債券基金類別I (港元 每月分派-現金派息)","亞洲債券","亞洲債券","首源投資(香港)有限公司",N,N,77.9054,02-10-2026,港元,2,-3.28,-0.81,-2.24,-3.25,-2.98,-3.07,2.67,5.36,-1.21,5.84,30-09-2026,1,IE00B97P8S45,3,"","","綜合","亞洲",""
U45248,"恒生亞洲債券基金A類單位(港元 每月現金派息) (每月投資計劃)","亞洲債券","亞洲債券","恒生投資管理有限公司",N,N,8.9567,30-09-2026,港元,2,-0.34,-1.48,-2.2,-2.48,0.18,0.37,6,10.2,0,6.55,30-09-2026,1,HK0000823564,4,"","","綜合","亞洲",""
U45629,"恒生亞洲債券基金A類單位 (港元 每月現金靈活派付)","亞洲債券","亞洲債券","恒生投資管理有限公司",Y,Y,9.7164,30-09-2026,港元,2,-0.34,-1.48,-2.2,-2.48,0.18,0.37,0,0,0,7.1,30-09-2026,1,HK0001119418,,"","","綜合","亞洲",""
U43127,"施羅德環球基金系列 - 亞洲債券 A類別 MV (美元 每月收息單位-現金派息)","亞洲債券","亞洲債券","施羅德投資管理(香港)有限公司",N,N,4.6781,02-10-2026,美元,2,-1.14,-0.11,-0.94,-0.95,-0.05,-0.9,4.64,5.48,-3.28,5.72,30-09-2026,1.25,LU0091253459,4,"","","綜合","亞洲",""
U44466,"安聯亞洲靈活債券基金AM類收息股份 (港元 每月派息-現金派息)","亞洲債券","亞洲債券","安聯環球投資亞太有限公司",N,N,4.9018,02-10-2026,港元,2,-0.73,-0.48,-1.57,-1.88,-0.52,-0.1,3.01,4.54,-11.01,4.4,30-09-2026,1.5,LU0706718086,1,"","","綜合","亞洲",""
U42767,"恒生亞洲債券基金A類單位 (美元累積收益單位)","亞洲債券","亞洲債券","恒生投資管理有限公司",N,N,28.9433,30-09-2026,美元,2,-1.15,-1.51,-2.26,-2.53,0.07,-0.44,6.77,9.95,-3.95,0,30-09-2026,1,HK0000284643,4,"","","綜合","亞洲",""
U45256,"恒生亞洲債券基金A類單位(港元 每月現金派息)","亞洲債券","亞洲債券","恒生投資管理有限公司",N,N,8.9567,30-09-2026,港元,2,-0.34,-1.48,-2.2,-2.48,0.18,0.37,6,10.2,0,6.55,30-09-2026,1,HK0000823564,4,"","","綜合","亞洲",""
U44834,"首源亞洲優質債券基金類別I (美元 每月分派-現金派息)","亞洲債券","亞洲債券","首源投資(香港)有限公司",N,N,7.7189,02-10-2026,美元,2,-4.05,-0.85,-2.28,-3.29,-3.07,-3.87,3.28,5.16,-1.79,5.86,30-09-2026,1,IE00B8GCJK88,3,"","","綜合","亞洲",""
U44816,"富達基金 ﹣亞洲債券基金A類別股份 (港元 每月特色派息(G)-現金派息)","亞洲債券","亞洲債券","富達基金(香港)有限公司",N,N,7.5,02-10-2026,港元,2,-1.39,-0.6,-1.92,-2.62,-1.8,-0.97,2.59,4.57,-1.87,5.43,30-09-2026,0.75,LU1371569465,2,"","","綜合","亞洲",""
U44841,"滙豐集合投資信託 – 滙豐亞洲高入息債券基金AM2類 (澳元 每月分派-現金派息)","亞洲債券","亞洲債券","滙豐環球投資管理 (香港) 有限公司",N,N,6.722,30-09-2026,澳元,3,-4.53,0.46,1.45,-1.88,-0.99,-4.05,17.16,2.03,-0.7,5.96,30-09-2026,1.15,HK0000317500,3,"","","綜合","亞洲",""
U42766,"恒生亞洲債券基金A類單位(美元每月現金派息)","亞洲債券","亞洲債券","恒生投資管理有限公司",Y,N,6.7982,30-09-2026,美元,2,-1.15,-1.51,-2.27,-2.53,0.07,-0.44,6.69,9.95,-4.03,6.58,30-09-2026,1,HK0000284650,4,"","","綜合","亞洲",""
U44214,"貝萊德全球基金 - 亞洲老虎債券基金A3類股份 (美元 每月派息股份-現金派息)","亞洲債券","亞洲債券","貝萊德資產管理北亞有限公司",N,N,9.99,02-10-2026,美元,2,-0.47,-0.2,-1.48,-1.57,-0.25,0.23,6.47,5.79,-7.42,4.89,30-09-2026,1,LU0172393414,3,"","","綜合","亞洲",""
U42772,"恒生亞洲債券基金A類單位 (美元累積收益單位) (每月投資計劃)","亞洲債券","亞洲債券","恒生投資管理有限公司",N,N,28.9433,30-09-2026,美元,2,-1.15,-1.51,-2.26,-2.53,0.07,-0.44,6.77,9.95,-3.95,0,30-09-2026,1,HK0000284643,4,"","","綜合","亞洲",""
U44840,"滙豐集合投資信託 – 滙豐亞洲高入息債券基金AM2類 (歐元 每月分派-現金派息)","亞洲債券","亞洲債券","滙豐環球投資管理 (香港) 有限公司",N,N,5.699,30-09-2026,歐羅,3,2.98,-0.42,0.72,-0.79,2.01,4.2,13.37,-0.84,0.68,5.78,30-09-2026,1.15,HK0000317484,3,"","","綜合","亞洲",""
U44842,"滙豐集合投資信託 – 滙豐亞洲高入息債券基金AM2類 (加元 每月分派-現金派息)","亞洲債券","亞洲債券","滙豐環球投資管理 (香港) 有限公司",N,N,6.601,30-09-2026,加拿大元,3,3.14,-0.09,0.85,-1.39,2.3,2.77,15.96,-0.1,-7.29,5.78,30-09-2026,1.15,HK0000317492,3,"","","綜合","亞洲",""
U44843,"滙豐集合投資信託 – 滙豐亞洲高入息債券基金AM2類 (人民幣 每月分派-現金派息)","亞洲債券","亞洲債券","滙豐環球投資管理 (香港) 有限公司",N,N,5.988,30-09-2026,人民幣,3,-4.31,-0.86,-1.66,-2.61,-2.33,-5.17,9.61,5.67,-8.54,6.08,30-09-2026,1.15,HK0000317476,3,"","","綜合","亞洲",""
U45630,"恒生亞洲債券基金A類單位 (美元 每月現金靈活派付)","亞洲債券","亞洲債券","恒生投資管理有限公司",Y,Y,9.6087,30-09-2026,美元,2,-1.15,-1.51,-2.26,-2.53,0.07,-0.44,0,0,0,7.13,30-09-2026,1,HK0001119400,,"","","綜合","亞洲",""
U44639,"摩根亞洲總收益債券(美元)(每月派息-現金派息)","亞洲債券","亞洲債券","摩根資產管理",Y,Y,7.3,30-09-2026,美元,2,-1.19,-1.08,-2.01,-2.28,-0.24,-0.34,4.14,5.31,-4.38,6.86,30-09-2026,1,HK0000055597,3,"","","綜合","亞洲",""
U44301,"滙豐亞洲債券基金AM2類 (美元 每月分派-現金派息)","亞洲債券","亞洲債券","滙豐環球投資管理 (香港) 有限公司",Y,Y,6.433,30-09-2026,美元,2,-2.15,-1.19,-2.18,-2.72,-1.37,-2.04,2.94,5.67,-4.61,5.76,30-09-2026,1,HK0000349529,2,"","","綜合","亞洲",""
U44378,"滙豐亞洲債券基金AM2類 (港元 每月分派-現金派息)","亞洲債券","亞洲債券","滙豐環球投資管理 (香港) 有限公司",Y,Y,7.187,30-09-2026,港元,2,-1.41,-1.15,-2.08,-2.65,-1.3,-1.24,2.53,5.59,-4.11,5.74,30-09-2026,1,HK0000349511,2,"","","綜合","亞洲",""
U44838,"滙豐集合投資信託 – 滙豐亞洲高入息債券基金AM2類 (美元 每月分派-現金派息)","亞洲債券","亞洲債券","滙豐環球投資管理 (香港) 有限公司",Y,Y,6.12,30-09-2026,美元,3,-0.42,-0.82,-1.52,-1.45,0.56,0.72,6.33,2.66,-6.58,5.92,30-09-2026,1.15,HK0000317450,3,"","","綜合","亞洲",""
U44839,"滙豐集合投資信託 – 滙豐亞洲高入息債券基金AM2類 (港元 每月分派-現金派息)","亞洲債券","亞洲債券","滙豐環球投資管理 (香港) 有限公司",Y,Y,6.187,30-09-2026,港元,3,0.36,-0.77,-1.42,-1.38,0.7,1.55,5.73,2.78,-6,5.89,30-09-2026,1.15,HK0000317468,3,"","","綜合","亞洲",""
U44367,"PIMCO亞洲策略收益基金E類收息股份 (美元 每月收息-現金派息)","亞洲債券","亞洲債券","PIMCO Asia Limited",N,N,6.87,02-10-2026,美元,2,-0.56,-0.68,-1.95,-1.88,0.04,0.1,6.91,3.62,-4.91,5.69,30-09-2026,1.5,IE00B464Q616,3,"","","綜合","亞洲",""
U44827,"貝萊德全球基金 - 亞洲老虎債券基金A6類股份 (美元 每月派息股份-現金派息)","亞洲債券","亞洲債券","貝萊德資產管理北亞有限公司",N,Y,8.05,02-10-2026,美元,2,-0.5,-0.22,-1.43,-1.49,-0.21,0.29,6.42,5.76,-7.43,6.34,30-09-2026,1,LU0764618053,3,"","","綜合","亞洲",""
U44743,"摩根亞洲總收益債券（港元）(每月派息-現金派息) (每月投資計劃)","亞洲債券","亞洲債券","摩根資產管理",N,Y,6.43,30-09-2026,港元,2,-0.25,-0.85,-1.9,-2.05,-0.1,0.51,3.58,5.23,-3.92,6.83,30-09-2026,1,HK0000102936,3,"","","綜合","亞洲",""
U39890,"富達基金 - 美元債券基金A類別股份 (美元 派息股份)","美元多元化債券","多元化債券","富達基金(香港)有限公司",N,N,6.689,02-10-2026,美元,2,-3.98,-0.39,-2.26,-3.72,-3.72,-3.55,-0.34,5.94,-1.4,3.73,30-09-2026,0.75,LU0048622798,3,"","","多元化","環球",""
U43720,"施羅德環球基金系列 - 美元債券 A類別 QF (美元 每季收息單位-現金派息)","美元多元化債券","多元化債券","施羅德投資管理(香港)有限公司",N,N,9.1758,02-10-2026,美元,2,-3.18,-0.42,-2.44,-3.58,-2.62,-2.21,1.53,5.12,-1.74,4.76,30-09-2026,0.75,LU0083284397,3,"","","多元化","環球",""
U44299,"PIMCO總回報債券基金E類累積股份 (美元)","美元多元化債券","多元化債券","PIMCO Asia Limited",N,N,27.71,02-10-2026,美元,3,-4.05,-1,-3.35,-4.55,-3.75,-3.15,1.91,5.36,-2.12,0,30-09-2026,1.4,IE00B11XZ988,2,"","","多元化","環球",""
U44789,"富達基金 - 美元債券基金A類別股份 (美元 每月派息股份–現金派息)","美元多元化債券","多元化債券","富達基金(香港)有限公司",N,N,10.63,02-10-2026,美元,2,-4,-0.43,-2.26,-3.72,-3.75,-3.55,-0.39,5.97,-1.37,3.71,30-09-2026,0.75,LU0168055563,3,"","","多元化","環球",""
U44509,"駿利亨德森靈活入息基金A3m類股份 (港元 每月入息-現金派息)","美元多元化債券","多元化債券","駿利亨德森投資",N,N,6.56,02-10-2026,港元,2,-2.86,-0.61,-2.58,-3.46,-3.25,-2.27,0.12,3.91,-1.73,4.73,30-09-2026,1,IE00B3R7SC21,1,"","","多元化","環球",""
U42466,"施羅德環球基金系列 - 美元債券A類股份 (美元 累積單位)","美元多元化債券","多元化債券","施羅德投資管理(香港)有限公司",N,N,24.4374,02-10-2026,美元,2,-3.18,-0.42,-2.44,-3.58,-2.62,-2.21,1.54,5.12,-1.74,0,30-09-2026,0.75,LU0106260564,3,"","","多元化","環球",""
U45478,"富達基金 - 美元債券基金 - A類別股份 (美元  C每月派息股份(G)–現金派息)","美元多元化債券","多元化債券","富達基金(香港)有限公司",N,Y,7.075,02-10-2026,美元,2,-3.98,-0.39,-2.26,-3.73,-3.71,-3.55,-0.35,5.93,-1.41,6.44,30-09-2026,0.75,LU2231581880,2,"","","多元化","環球",""
U45479,"富達基金 - 美元債券基金 - A類別股份 (港元 C每月派息股份(G)–現金派息)","美元多元化債券","多元化債券","富達基金(香港)有限公司",N,Y,7.166,02-10-2026,港元,2,-3.2,-0.35,-2.2,-3.67,-3.58,-2.76,-0.9,6.11,-0.83,6.42,30-09-2026,0.75,LU2231582003,2,"","","多元化","環球",""
U44740,"富達基金 - 美元債券基金A類別股份 (美元 派息股份) (每月投資計劃)","美元多元化債券","多元化債券","富達基金(香港)有限公司",N,N,6.689,02-10-2026,美元,2,-3.98,-0.39,-2.26,-3.72,-3.72,-3.55,-0.34,5.94,-1.4,3.73,30-09-2026,0.75,LU0048622798,3,"","","多元化","環球",""
U43972,"滙豐環球投資基金 - 美元債券PD類 (美元)","美元多元化債券","多元化債券","滙豐環球投資管理 (香港) 有限公司",N,N,9.363,02-10-2026,美元,2,-3.41,-0.26,-2.4,-3.74,-3.13,-2.46,0.59,5.21,-1.5,3.8,30-09-2026,0.5,LU0011820056,2,"","","多元化","環球",""
U45605,"富蘭克林環球低波幅債券基金 A類 (港元 每月分派-現金派息)","美元多元化債券","多元化債券","富蘭克林鄧普頓投資",Y,Y,9.63,02-10-2026,港元,1,0.22,-0.52,-1.32,-1.59,-0.83,0.99,0,0,0,5.21,30-09-2026,1,HK0001093563,,"","","多元化","環球",""
U45604,"富蘭克林環球低波幅債券基金A類 (美元 每月分派-現金派息)","美元多元化債券","多元化債券","富蘭克林鄧普頓投資",Y,Y,9.55,02-10-2026,美元,1,-0.6,-0.52,-1.43,-1.62,-0.96,0.16,0,0,0,5.24,30-09-2026,1,HK0001093555,,"","","多元化","環球",""
U43973,"匯豐環球投資基金 - 美元債券PD類 (美元) (每月投資計劃)","美元多元化債券","多元化債券","滙豐環球投資管理 (香港) 有限公司",N,N,9.363,02-10-2026,美元,2,-3.41,-0.26,-2.4,-3.74,-3.13,-2.46,0.59,5.21,-1.5,3.8,30-09-2026,0.5,LU0011820056,2,"","","多元化","環球",""
U44508,"駿利亨德森靈活入息基金A3m類股份 (美元 每月入息-現金派息)","美元多元化債券","多元化債券","駿利亨德森投資",N,N,8.14,02-10-2026,美元,2,-3.62,-0.73,-2.72,-3.63,-3.49,-3.15,0.56,3.97,-2.31,4.74,30-09-2026,1,IE0004445676,1,"","","多元化","環球",""
U44825,"FTGF西方資產美元核心增值債券基金A類美元精選派息(每月現金派息)","美元多元化債券","多元化債券","美盛資產管理香港有限公司",N,N,70.69,02-10-2026,美元,3,-4.46,-1.2,-3.35,-4.59,-4.17,-4.04,-1.55,6.18,-2.55,5.33,30-09-2026,1,IE00BCBHXZ96,1,"","","多元化","環球",""
U43929,"富蘭克林美國政府基金A類 (美元 每月分派-現金派息)","美元政府債券","政府債券","富蘭克林鄧普頓投資",N,N,6.72,02-10-2026,美元,2,-3.79,-1.12,-3.24,-4.48,-4.44,-3.14,0.06,3.59,-2.72,4.37,30-09-2026,0.7,LU0029872446,3,"","","政府","環球",""
U45548,"恒生招商彭博美國國債7-10年指數ETF非上市A類單位(港元 每月派息單位-現金派息)","美元政府債券","政府債券","恒生投資管理有限公司",Y,Y,8.9834,30-09-2026,港元,2,-4.3,-0.94,-3.05,-4.39,-4.36,-3.32,0,0,0,4.38,30-09-2026,0.4,HK0001048286,,"","","政府","環球",""
U45547,"恒生招商彭博美國國債7-10年指數ETF非上市A類單位(美元 每月派息單位-現金派息)","美元政府債券","政府債券","恒生投資管理有限公司",Y,Y,8.9218,30-09-2026,美元,2,-5.08,-0.98,-3.15,-4.44,-4.45,-4.13,0,0,0,4.4,30-09-2026,0.4,HK0001048278,,"","","政府","環球",""
U44742,"富蘭克林美國政府基金 A類 (美元 每月分派-現金派息) (每月投資計劃)","美元政府債券","政府債券","富蘭克林鄧普頓投資",N,N,6.72,02-10-2026,美元,2,-3.79,-1.12,-3.24,-4.48,-4.44,-3.14,0.06,3.59,-2.72,4.37,30-09-2026,0.7,LU0029872446,3,"","","政府","環球",""
U45549,"恒生招商彭博美國國債7-10年指數ETF非上市A類單位(人民幣 每月派息單位-現金派息)","美元政府債券","政府債券","恒生投資管理有限公司",Y,Y,8.4339,30-09-2026,人民幣,2,-8.76,-1.02,-3.29,-5.6,-6.93,-9.76,0,0,0,4.54,30-09-2026,0.4,HK0001048294,,"","","政府","環球",""
U45328,"路博邁 - 短期高收益債券議合基金A類股份 (港元對沖 每月分派-現金派息)","美元高收益債券","高收益債券","路博邁亞洲有限公司",N,N,9.18,02-10-2026,港元,3,-0.54,-0.22,-1.5,-1.25,0,0.74,5.14,8.25,0,7.1,30-09-2026,1.2,IE0000C39ZN4,1,"","","高收益","環球",""
U42943,"貝萊德全球基金 - 美元高收益債券基金A2類股份 (美元)","美元高收益債券","高收益債券","貝萊德資產管理北亞有限公司",N,N,45.01,02-10-2026,美元,3,-0.57,-0.68,-2.19,-1.83,0.27,1.01,7.38,12.43,4.27,0,30-09-2026,1.25,LU0046676465,3,"","","高收益","環球",""
U45327,"路博邁 - 短期高收益債券議合基金A類股份 (美元 每月分派-現金派息)","美元高收益債券","高收益債券","路博邁亞洲有限公司",N,N,7.24,02-10-2026,美元,3,0.34,-0.29,-1.5,-1.08,0.74,1.79,6.02,9.25,3.33,7.05,30-09-2026,1.2,IE00B7FN5305,3,"","","高收益","環球",""
U44505,"駿利亨德森高收益基金A3m類股份 (港元 每月入息-現金派息)","美元高收益債券","高收益債券","駿利亨德森投資",N,N,7.07,02-10-2026,港元,3,1.11,-0.56,-2.19,-2.17,0.67,2.31,6.32,10.49,5.09,6.97,30-09-2026,1,IE00B5589841,2,"","","高收益","環球",""
U45230,"貝萊德全球基金-美元高收益債券基金A6類股份 (港元對沖  每月派息股份-現金派息)(每月投資計劃)","美元高收益債券","高收益債券","貝萊德資產管理北亞有限公司",N,Y,29.07,02-10-2026,港元,3,-1.68,-0.72,-2.31,-2.15,-0.48,-0.33,6.12,11.06,4.1,7.8,30-09-2026,1.25,LU0764619531,2,"","","高收益","環球",""
U44394,"安聯美元高收益基金AM類收息股份 (港元 每月派息-現金派息)","美元高收益債券","高收益債券","安聯環球投資亞太有限公司",N,N,5.2761,02-10-2026,港元,4,-4.58,-0.86,-2.92,-5.94,-4.54,-3.67,5.41,12.12,4.4,6.38,30-09-2026,1.19,LU0648978533,1,"","","高收益","環球",""
U45638,"富達基金 - 美元高收益基金 A類別股份 ( 港元 C每月派息(G) - 現金派息)","美元高收益債券","高收益債券","富達基金(香港)有限公司",N,Y,9.66,02-10-2026,港元,3,1.31,-0.63,-2.29,-1.49,0.46,2.55,0,0,0,9.42,30-09-2026,1,LU3041300677,,"","","高收益","環球",""
U44298,"PIMCO美國高孳息債券基金E類累積股份 (美元)","美元高收益債券","高收益債券","PIMCO Asia Limited",N,N,39.23,02-10-2026,美元,3,-1.53,-0.83,-2.49,-2.39,-0.78,-0.05,7.14,11.84,3.5,0,30-09-2026,1.45,IE00B11XZ871,2,"","","高收益","環球",""
U44930,"安聯美元高收益基金AM類收息股份 (港元 每月派息-現金派息) (每月投資計劃)","美元高收益債券","高收益債券","安聯環球投資亞太有限公司",N,N,5.2761,02-10-2026,港元,4,-4.58,-0.86,-2.92,-5.94,-4.54,-3.67,5.41,12.12,4.4,6.38,30-09-2026,1.19,LU0648978533,1,"","","高收益","環球",""
U44424,"貝萊德全球基金 - 美元高收益債券基金A6類股份 (港元對沖 每月派息股份-現金派息)","美元高收益債券","高收益債券","貝萊德資產管理北亞有限公司",N,Y,29.07,02-10-2026,港元,3,-1.68,-0.72,-2.31,-2.15,-0.48,-0.33,6.12,11.06,4.1,7.8,30-09-2026,1.25,LU0764619531,2,"","","高收益","環球",""
U44504,"駿利亨德森高收益基金A3m類股份 (美元 每月入息-現金派息)","美元高收益債券","高收益債券","駿利亨德森投資",N,N,6.21,02-10-2026,美元,3,0.11,-0.8,-2.41,-2.39,0.46,1.39,6.95,10.36,4.32,6.99,30-09-2026,1,IE0004446757,2,"","","高收益","環球",""
U43916,"富蘭克林高息基金A類 (美元 每月分派-現金派息)","美元高收益債券","高收益債券","富蘭克林鄧普頓投資",N,N,4.99,02-10-2026,美元,3,-0.46,-0.59,-2.52,-2.12,-0.44,0.86,7.44,12.52,3.47,7.17,30-09-2026,1.1,LU0065014192,3,"","","高收益","環球",""
U44959,"富達基金 - 美元高收益基金A類別股份 (美元 每月特色派息(G)-現金派息)","美元高收益債券","高收益債券","富達基金(香港)有限公司",N,N,7.497,02-10-2026,美元,3,0.45,-0.67,-2.36,-1.58,0.36,1.76,6.14,10.37,5.76,7.41,30-09-2026,1,LU0937948932,3,"","","高收益","環球",""
U44413,"貝萊德全球基金 - 美元高收益債券基金A6類股份 (美元 每月派息股份-現金派息)","美元高收益債券","高收益債券","貝萊德資產管理北亞有限公司",N,Y,4.14,02-10-2026,美元,3,-0.65,-0.81,-2.21,-1.93,0.08,0.89,7.48,12.51,4.23,7.52,30-09-2026,1.25,LU0738912566,3,"","","高收益","環球",""
U45611,"JPM環球高收益債券(港元) - A股 (特色月派 - 現金派息)","美元高收益債券","高收益債券","摩根資產管理",N,Y,91.07,02-10-2026,港元,3,0.73,-0.56,-1.91,-1.72,0.47,2.04,0,0,0,11.69,30-09-2026,0.85,LU2947102641,,"","","高收益","環球",""
U45639,"富達基金 - 美元高收益基金 A類別股份 ( 美元 C每月派息(G) - 現金派息)","美元高收益債券","高收益債券","富達基金(香港)有限公司",N,Y,6.881,02-10-2026,美元,3,0.45,-0.65,-2.35,-1.57,0.36,1.77,6.13,10.36,5.75,9.45,30-09-2026,1,LU2099030673,3,"","","高收益","環球",""
U45429,"JPM環球高收益債券(美元) - A股 (特色月派) (每月派息-現金派息)","美元高收益債券","高收益債券","摩根資產管理",N,Y,71.47,02-10-2026,美元,3,-0.06,-0.6,-1.97,-1.77,0.35,1.23,8.8,10.44,5.26,11.74,30-09-2026,0.85,LU2245634774,3,"","","高收益","環球",""
U43841,"富達基金 - 美元高收益基金A類別股份 (美元 每月派息股份-現金派息)","美元高收益債券","高收益債券","富達基金(香港)有限公司",N,N,10.38,02-10-2026,美元,3,0.5,-0.68,-2.35,-1.57,0.41,1.78,6.14,10.35,5.75,5.58,30-09-2026,1,LU0168057262,3,"","","高收益","環球",""
U44866,"安聯美國短存續期高收益債券基金AM類收息股份 (美元 每月派息-現金派息)","美元高收益債券","高收益債券","安聯環球投資亞太有限公司",N,N,8.5188,02-10-2026,美元,4,-0.03,-0.54,-1.76,-1.16,0.51,0.22,9.27,12.35,4.19,7.34,30-09-2026,1.29,LU1322973634,2,"","","高收益","環球",""
U44421,"JPM環球高收益債券(美元)A股(每月派息-現金派息)","美元高收益債券","高收益債券","摩根資產管理",N,N,78.56,02-10-2026,美元,3,-0.04,-0.59,-1.96,-1.76,0.36,1.24,8.82,10.47,5.34,6.48,30-09-2026,0.85,LU0356780857,3,"","","高收益","環球",""
U42969,"富達基金 - 美元高收益基金A類別股份 (美元 派息股份)","美元高收益債券","高收益債券","富達基金(香港)有限公司",N,N,11.02,02-10-2026,美元,3,0.39,-0.72,-2.39,-1.57,0.3,1.71,6.09,10.34,5.78,5.57,30-09-2026,1,LU0132282301,3,"","","高收益","環球",""
U45228,"JPM環球高收益債券(港元)A股(每月派息-現金派息)(每月投資計劃)","美元高收益債券","高收益債券","摩根資產管理",N,Y,8.77,02-10-2026,港元,3,0.67,-0.57,-1.92,-1.76,0.44,2.02,8.03,10.71,5.93,6.45,30-09-2026,0.85,LU0727847666,3,"","","高收益","環球",""
U44420,"JPM環球高收益債券(港元)A股(每月派息-現金派息)","美元高收益債券","高收益債券","摩根資產管理",N,N,8.77,02-10-2026,港元,3,0.67,-0.57,-1.92,-1.76,0.44,2.02,8.03,10.71,5.93,6.45,30-09-2026,0.85,LU0727847666,3,"","","高收益","環球",""
U44393,"安聯美元高收益基金AM類收息股份 (美元 每月派息-現金派息)","美元高收益債券","高收益債券","安聯環球投資亞太有限公司",N,N,5.272,02-10-2026,美元,4,-5.35,-0.91,-2.97,-5.98,-4.66,-4.49,6.02,11.8,3.75,6.41,30-09-2026,1.19,LU0516397667,1,"","","高收益","環球",""
U44867,"安聯美國短存續期高收益債券基金AM類收息股份 (港元 每月派息-現金派息)","美元高收益債券","高收益債券","安聯環球投資亞太有限公司",N,N,8.2792,02-10-2026,港元,4,0.79,-0.49,-1.71,-1.12,0.63,1.08,8.65,12.51,4.77,7.29,30-09-2026,1.29,LU1449865044,2,"","","高收益","環球",""
U44488,"聯博 - 新興市場債券基金AT類股份 (港元 每月派息-現金派息)","環球新興市場債券","環球新興市場債券","聯博香港有限公司",N,N,87.84,02-10-2026,港元,4,-0.15,-1.68,-3.93,-4.72,-0.21,2.64,7.33,12.39,-2.96,6.07,30-09-2026,1.1,LU0453504796,3,"","","綜合","新興市場",""
U43647,"富達基金 - 新興市場債券基金A類別股份 (美元 每月派息股份-現金派息)","環球新興市場債券","環球新興市場債券","富達基金(香港)有限公司",N,N,8.46,02-10-2026,美元,4,-1.82,-1.76,-4.22,-5.09,-1.31,1.39,4.84,8.62,-3.24,4.62,30-09-2026,1.25,LU0238206170,2,"","","綜合","新興市場",""
U43795,"滙豐環球投資基金 - 環球新興市場債券PD類 (美元) (每月投資計劃)","環球新興市場債券","環球新興市場債券","滙豐環球投資管理 (香港) 有限公司",N,N,14.633,02-10-2026,美元,4,-1.13,-1.65,-3.83,-4.42,-0.54,2.15,6.92,10.39,-3.33,4.86,30-09-2026,1,LU0099919721,2,"","","綜合","新興市場",""
U44926,"聯博 - 新興市場債券基金AT類股份 (港元 每月派息-現金派息)(每月投資計劃)","環球新興市場債券","環球新興市場債券","聯博香港有限公司",N,N,87.84,02-10-2026,港元,4,-0.15,-1.68,-3.93,-4.72,-0.21,2.64,7.33,12.39,-2.96,6.07,30-09-2026,1.1,LU0453504796,3,"","","綜合","新興市場",""
U43387,"貝萊德全球基金 - 新興市場債券基金A2類股份 (美元)","環球新興市場債券","環球新興市場債券","貝萊德資產管理北亞有限公司",N,N,23.12,02-10-2026,美元,4,-0.64,-2.16,-3.99,-4.66,0.3,3.31,8.08,15.26,-2.97,0,30-09-2026,1.25,LU0200680600,4,"","","綜合","新興市場",""
U44844,"貝萊德全球基金 - 新興市場債券基金A6類股份 (美元 每月派息股份-現金派息)","環球新興市場債券","環球新興市場債券","貝萊德資產管理北亞有限公司",N,N,7.27,02-10-2026,美元,4,-0.72,-2.26,-4.06,-4.65,0.22,3.23,8.11,15.29,-2.91,6.57,30-09-2026,1.25,LU0764617162,4,"","","綜合","新興市場",""
U43383,"貝萊德全球基金 - 新興市場債券基金A2類股份 (歐元)","環球新興市場債券","環球新興市場債券","貝萊德資產管理北亞有限公司",N,N,20.51,02-10-2026,歐羅,4,3.38,-1.01,-1.16,-3.16,2.6,7.44,15.3,11.34,4.92,0,30-09-2026,1.25,LU0200683885,4,"","","綜合","新興市場",""
U45817,"法巴 - 新興市場智取債券基金 經典 (美元 累積)","環球新興市場債券","環球新興市場債券","法國巴黎資產管理",N,Y,233.37,01-10-2026,美元,3,-2.88,-1.75,-4.26,-5.02,-0.01,-0.76,2.05,10.63,-8.55,0,30-09-2026,1.25,LU0823389852,2,"","","綜合","新興市場",""
U45046,"聯博－新興市場債券基金AA類股份（美元 每月派息-現金派息)","環球新興市場債券","環球新興市場債券","聯博香港有限公司",N,Y,8.66,02-10-2026,美元,4,-0.9,-1.62,-4,-4.69,-0.23,1.82,7.87,12.39,-3.56,7.83,30-09-2026,1.1,LU1008671254,3,"","","綜合","新興市場",""
U43654,"富達基金 - 新興市場債券基金A類別股份 (美元 累積)","環球新興市場債券","環球新興市場債券","富達基金(香港)有限公司",N,N,21.65,02-10-2026,美元,4,-1.81,-1.72,-4.2,-5.09,-1.32,1.41,4.86,8.62,-3.19,0,30-09-2026,1.25,LU0238205958,2,"","","綜合","新興市場",""
U45053,"聯博－新興市場債券基金AA股（港元 每月派息-現金派息)  (每月投資計劃)","環球新興市場債券","環球新興市場債券","聯博香港有限公司",N,Y,67.83,02-10-2026,港元,4,-0.16,-1.68,-3.93,-4.72,-0.21,2.63,7.34,12.39,-2.97,7.86,30-09-2026,1.1,LU1069346143,3,"","","綜合","新興市場",""
U44845,"貝萊德全球基金 - 新興市場債券基金A6類股份 (港元對沖 每月派息股份-現金派息)","環球新興市場債券","環球新興市場債券","貝萊德資產管理北亞有限公司",N,N,50.83,02-10-2026,港元,4,-1.74,-2.16,-4.09,-4.99,-0.42,1.91,6.8,13.89,-3.14,6.55,30-09-2026,1.25,LU0764619960,3,"","","綜合","新興市場",""
U44956,"富達基金 - 新興市場債券基金A類別股份 (美元 每月特色派息(G)-現金派息)","環球新興市場債券","環球新興市場債券","富達基金(香港)有限公司",N,N,5.927,02-10-2026,美元,4,-1.8,-1.76,-4.21,-5.09,-1.31,1.41,4.84,8.62,-3.2,6.16,30-09-2026,1.2,LU0937949310,2,"","","綜合","新興市場",""
U42517,"景順新興市場債券基金 (A)","環球新興市場債券","環球新興市場債券","景順投資管理有限公司",N,N,15.11,02-10-2026,美元,4,-3.34,-2.07,-3.88,-4.86,-1.23,-0.75,6.88,10.39,-3.14,5.54,30-09-2026,1,LU1775955864,2,"","","綜合","新興市場",""
U45818,"法巴 - 新興市場智取債券基金 經典 (美元 每月分派-現金派息)","環球新興市場債券","環球新興市場債券","法國巴黎資產管理",N,Y,9.61,01-10-2026,美元,3,-3.77,-2.63,-5.13,-5.87,-0.91,-1.69,2.04,10.66,-8.59,11.05,30-09-2026,1.25,LU0823389779,2,"","","綜合","新興市場",""
U45337,"滙豐環球基金ICAV – 環球新興市場政府債券指數基金HCHKD類 (港元 累積 )","環球新興市場債券","環球新興市場債券","滙豐環球投資管理 (香港) 有限公司",N,N,11.303,01-10-2026,港元,3,-0.65,-1.96,-3.57,-4.25,-0.73,2.47,5.66,10.12,-1.7,0,30-09-2026,0.5,IE00BH4GHK17,3,"","","綜合","新興市場",""
U43364,"景順新興市場債券基金 (AMD)","環球新興市場債券","環球新興市場債券","景順投資管理有限公司",N,N,14.01,02-10-2026,美元,4,-3.32,-2.06,-3.86,-4.87,-1.18,-0.73,6.84,10.4,-3.13,6.7,30-09-2026,1,LU1775955278,2,"","","綜合","新興市場",""
U45821,"法巴 - 新興市場智取債券基金 - 經典 (港元對沖 每月分派-現金派息)","環球新興市場債券","環球新興市場債券","法國巴黎資產管理",N,Y,41.36,01-10-2026,港元,3,-4.75,-2.66,-5.22,-6.18,-1.66,-2.87,1.19,9.42,-8.58,10.56,30-09-2026,1.25,LU1788853593,2,"","","綜合","新興市場",""
U45494,"PICTET - EMERGING DEBT BLEND-P DM HKD","環球新興市場債券","環球新興市場債券","瑞士百達資產管理",N,N,802.4,02-10-2026,港元,3,-2.35,-1.35,-4.11,-4.58,-0.96,2.54,2.36,0,0,5.17,30-09-2026,1.52,LU2712583306,,"","","綜合","新興市場",""
U45493,"PICTET - EMERGING DEBT BLEND- P DM USD","環球新興市場債券","環球新興市場債券","瑞士百達資產管理",N,N,102.28,02-10-2026,美元,3,-3.16,-1.4,-4.18,-4.65,-1.11,1.67,2.88,0,0,5.19,30-09-2026,1.52,LU2712583488,,"","","綜合","新興市場",""
U44485,"聯博 - 新興市場債券基金AT類股份 (美元 每月派息-現金派息)","環球新興市場債券","環球新興市場債券","聯博香港有限公司",N,N,11.17,02-10-2026,美元,4,-0.91,-1.69,-3.96,-4.73,-0.32,1.84,7.9,12.35,-3.53,6.14,30-09-2026,1.1,LU0246605835,3,"","","綜合","新興市場",""
U44294,"PIMCO新興市場債券基金E類累積股份 (美元)","環球新興市場債券","環球新興市場債券","PIMCO Asia Limited",N,N,52.52,02-10-2026,美元,3,-1.54,-1.67,-3.77,-4.51,-0.87,1.27,7.47,10.76,-3.19,0,30-09-2026,1.69,IE00B11XYX59,4,"","","綜合","新興市場",""
U44457,"滙豐環球投資基金 - 環球新興市場債券AM2類 (港元 每月分派-現金派息)","環球新興市場債券","環球新興市場債券","滙豐環球投資管理 (香港) 有限公司",N,N,5.647,02-10-2026,港元,4,-0.51,-1.61,-3.78,-4.44,-0.55,2.72,6.07,10.18,-3.05,6.92,30-09-2026,1.25,LU0723558572,2,"","","綜合","新興市場",""
U44450,"百達 - 全球新興市場債券-P每月派息港元股份類別 (港元 每月派息-現金派息)","環球新興市場債券","環球新興市場債券","瑞士百達資產管理",N,N,1063.02,02-10-2026,港元,4,-1.75,-1.7,-4.23,-5.21,-1.29,2.61,6.35,7.68,-3.66,4.36,30-09-2026,1.1,LU0760711878,3,"","","綜合","新興市場",""
U44456,"滙豐環球投資基金 - 環球新興市場債券AM2類 (美元 每月分派-現金派息)","環球新興市場債券","環球新興市場債券","滙豐環球投資管理 (香港) 有限公司",N,N,14.27,02-10-2026,美元,4,-1.32,-1.66,-3.85,-4.49,-0.68,1.88,6.64,10.12,-3.56,6.95,30-09-2026,1.25,LU0571531218,2,"","","綜合","新興市場",""
U43652,"富達基金 - 新興市場債券基金A類別股份 (歐元 每月派息股份-現金派息)","環球新興市場債券","環球新興市場債券","富達基金(香港)有限公司",N,N,9.221,02-10-2026,歐羅,4,2.34,-0.5,-1.36,-3.5,1.21,5.35,12.02,5.08,3.99,4.5,30-09-2026,1.25,LU0238204472,2,"","","綜合","新興市場",""
U44325,"百達 - 全球新興市場債券-P每月派息美元股份類別 (美元 每月派息-現金派息)","環球新興市場債券","環球新興市場債券","瑞士百達資產管理",N,N,134.52,02-10-2026,美元,4,-2.55,-1.75,-4.3,-5.27,-1.41,1.75,6.89,7.62,-4.16,4.39,30-09-2026,1.1,LU0476845010,3,"","","綜合","新興市場",""
U45336,"滙豐環球基金ICAV–環球新興市場政府債券指數基金HC類 (美元 累積 )","環球新興市場債券","環球新興市場債券","滙豐環球投資管理 (香港) 有限公司",N,N,11.2997,01-10-2026,美元,3,-1.45,-2.01,-3.64,-4.28,-0.85,1.62,6.21,10.07,-2.23,0,30-09-2026,0.5,IE00BH4GHJ02,3,"","","綜合","新興市場",""
U45819,"法巴 - 新興市場智取債券基金 經典  (歐元 每月分派-現金派息)","環球新興市場債券","環球新興市場債券","法國巴黎資產管理",N,Y,46.84,01-10-2026,歐羅,3,0.35,-1.7,-2.34,-4.8,2.24,2.52,8.87,6.88,-1.61,10.84,30-09-2026,1.25,LU1789408561,2,"","","綜合","新興市場",""
U45045,"聯博－新興市場債券基金AA類股份（港元 每月派息-現金派息)","環球新興市場債券","環球新興市場債券","聯博香港有限公司",N,Y,67.83,02-10-2026,港元,4,-0.16,-1.68,-3.93,-4.72,-0.21,2.63,7.34,12.39,-2.97,7.86,30-09-2026,1.1,LU1069346143,3,"","","綜合","新興市場",""
U42373,"滙豐環球投資基金 - 環球新興市場債券PD類 (美元)","環球新興市場債券","環球新興市場債券","滙豐環球投資管理 (香港) 有限公司",N,N,14.633,02-10-2026,美元,4,-1.13,-1.65,-3.83,-4.42,-0.54,2.15,6.92,10.39,-3.33,4.86,30-09-2026,1,LU0099919721,2,"","","綜合","新興市場",""
U42324,"貝萊德全球基金 - 歐元債券基金A2類股份 (歐元)","歐元多元化債券","多元化債券","貝萊德資產管理北亞有限公司",N,N,26.9,02-10-2026,歐羅,3,-3.2,0.07,-1.57,-4.07,-2.18,-2.92,1.94,7.31,-3.88,0,30-09-2026,0.75,LU0050372472,2,"","","多元化","環球",""
U42318,"富達基金 - 歐元債券基金A類別股份 (歐元 派息股份)","歐元多元化債券","多元化債券","富達基金(香港)有限公司",N,N,11.89,02-10-2026,歐羅,3,-3.09,0.59,-0.83,-2.62,-2.46,-2.7,2.57,7.77,-2.33,1.43,30-09-2026,0.75,LU0048579097,2,"","","多元化","環球",""
U42315,"施羅德環球基金系列 - 歐元政府債券A類股份 (歐元 累積單位)","歐元政府債券","政府債券","施羅德投資管理(香港)有限公司",N,N,10.4564,02-10-2026,歐羅,3,-3.54,-0.13,-1.9,-4.54,-2.73,-3.31,1.41,6.37,-3.88,0,30-09-2026,0.4,LU0106235962,2,"","","政府","環球",""
U43917,"富蘭克林歐元高息基金A類股份 (歐元 每年派息-現金派息)","歐元高收益債券","高收益債券","富蘭克林鄧普頓投資",N,N,4.92,02-10-2026,歐羅,3,-0.58,-0.61,-1.6,-1.99,0.57,-0.2,7.24,10.84,1.69,5.98,30-09-2026,1.2,LU0109395268,3,"","","高收益","環球",""
U42968,"富達基金 - 歐洲高收益基金A類別股份 (歐元 派息股份)","歐元高收益債券","高收益債券","富達基金(香港)有限公司",N,N,8.619,02-10-2026,歐羅,3,-0.99,-0.93,-2.53,-2.54,0.18,-1.01,8,11.63,3.7,5.32,30-09-2026,1,LU0110060430,3,"","","高收益","環球",""
U44919,"瑞銀歐元高收益債券基金（P 歐元 每月分派-現金派息）","歐元高收益債券","高收益債券","瑞銀資產管理（香港）有限公司",N,Y,114.65,01-10-2026,歐羅,3,-0.52,-0.65,-2,-2.04,0.67,0.26,8.8,12.67,2.94,6.02,30-09-2026,1.01,LU0417441200,4,"","","高收益","環球",""
U43842,"富達基金 - 歐洲高收益基金A類別股份 (歐元 每月派息股份-現金派息)","歐元高收益債券","高收益債券","富達基金(香港)有限公司",N,N,9.902,02-10-2026,歐羅,3,-1.01,-0.94,-2.49,-2.5,0.2,-1.06,7.95,11.67,3.72,5.28,30-09-2026,1,LU0168053600,3,"","","高收益","環球",""
U44957,"富達基金 - 歐洲高收益基金A類別股份 (歐元 每月特色派息(G)-現金派息)","歐元高收益債券","高收益債券","富達基金(香港)有限公司",N,Y,7.466,02-10-2026,歐羅,3,-0.98,-0.93,-2.54,-2.54,0.18,-1.01,8,11.61,3.69,6.54,30-09-2026,1,LU0937949070,3,"","","高收益","環球",""
U45470,"滙豐環球投資基金 – 環球短期債券AM3HEUR類 (歐元對沖 每月分派-現金派息)","環球多元化債券 - 歐元對沖","環球多元化債券","滙豐環球投資管理 (香港) 有限公司",N,Y,9.961,02-10-2026,歐羅,2,-0.36,0,-0.65,-0.86,0.18,0.08,3.83,0,0,3.23,30-09-2026,0.5,LU2639850283,,"","","多元化","環球",""
U45600,"滙豐環球投資基金 – 策略收益債券AMFIXAHEUR類 (歐元對沖 每月分派-現金派息)","環球多元化債券 - 歐元對沖","環球多元化債券","滙豐環球投資管理 (香港) 有限公司",N,Y,87.929,02-10-2026,歐羅,3,-3.26,-0.2,-2.02,-3.41,-2.12,-3.45,0,0,0,7.48,30-09-2026,1.2,LU2837853519,,"","","多元化","環球",""
U42595,"施羅德環球基金系列 - 歐元企業債券A類股份 (歐元 累積單位)","歐元企業債券","企業債券","施羅德投資管理(香港)有限公司",N,N,24.3082,02-10-2026,歐羅,3,-1.21,0.25,-0.92,-2.35,-0.13,-1.05,5.98,9.71,-1.16,0,30-09-2026,0.75,LU0113257694,4,"","","企業","環球",""
U44216,"恒生環球投資級別債券基金A類單位 (美元 每月現金派息)","美元企業債券","企業債券","恒生投資管理有限公司",Y,Y,8.5013,30-09-2026,美元,2,-3.15,-2.08,-3.19,-4.24,-1.68,-1.39,2.73,7.36,-5.28,6.22,30-09-2026,1,HK0000284627,3,"","","企業","環球",""
U45733,"恒生環球投資級別債券基金A類單位 (美元 累積)","美元企業債券","企業債券","恒生投資管理有限公司",Y,Y,9.7205,30-09-2026,美元,2,-3.15,-2.08,-3.19,-4.24,-1.68,0,0,0,0,0,,1,HK0001079059,,"","","企業","環球",""
U44217,"恒生環球投資級別債券基金A類單位 (美元 每月現金派息) (每月投資計劃)","美元企業債券","企業債券","恒生投資管理有限公司",N,N,8.5013,30-09-2026,美元,2,-3.15,-2.08,-3.19,-4.24,-1.68,-1.39,2.73,7.36,-5.28,6.22,30-09-2026,1,HK0000284627,3,"","","企業","環球",""
U45615,"恒生環球投資級別債券基金A類單位 (港元 每月現金派息)","美元企業債券","企業債券","恒生投資管理有限公司",Y,Y,9.6198,30-09-2026,港元,2,-2.36,-2.06,-3.13,-4.18,-1.56,-0.68,0,0,0,6.19,30-09-2026,1,HK0001079034,,"","","企業","環球",""
U45628,"景順英鎊債券基金A類股份 (英鎊 每季派息)","英鎊企業債券","企業債券","景順投資管理有限公司",N,N,2.4048,02-10-2026,英鎊,3,-1.67,0.03,-0.15,-1.76,0.35,0.87,1.63,10.57,-1.3,4.38,30-09-2026,0.75,LU1775981274,4,"","","企業","環球",""
U43710,"聯博 - 歐洲收益基金A2類股份 (美元)","歐元債券 - 靈活策略","債券 - 靈活策略","聯博香港有限公司",N,N,24.49,02-10-2026,美元,3,-6.74,-1.09,-4.6,-5.22,-3.73,-6.13,-2.25,14.77,-7.18,0,30-09-2026,1.1,LU0232529965,3,"","","靈活策略","環球",""
U45034,"聯博－歐洲收益基金AA類股份（歐元 每月派息-現金派息)","歐元債券 - 靈活策略","債券 - 靈活策略","聯博香港有限公司",N,Y,9.47,02-10-2026,歐羅,3,-2.61,0.18,-1.78,-3.71,-1.34,-2.21,4.13,11.3,-0.38,6.01,30-09-2026,1.1,LU1008670876,3,"","","靈活策略","環球",""
U43712,"聯博 - 歐洲收益基金A2類股份 (歐元)","歐元債券 - 靈活策略","債券 - 靈活策略","聯博香港有限公司",N,N,21.75,02-10-2026,歐羅,3,-2.64,0.09,-1.81,-3.76,-1.36,-2.29,4.21,11.29,-0.41,0,30-09-2026,1.1,LU0095024591,3,"","","靈活策略","環球",""
U44054,"聯博 - 歐洲收益基金AT類股份 (歐元 每月派息-現金派息)","歐元債券 - 靈活策略","債券 - 靈活策略","聯博香港有限公司",N,N,5.53,02-10-2026,歐羅,3,-2.63,0.18,-1.77,-3.8,-1.44,-2.31,4.22,11.14,-0.37,4.35,30-09-2026,1.1,LU0173638916,3,"","","靈活策略","環球",""
U43970,"滙豐環球投資基金 - 環球債券AD類 (美元)","環球多元化債券","環球多元化債券","滙豐環球投資管理 (香港) 有限公司",N,N,11.413,02-10-2026,美元,2,-3.65,-0.35,-2.42,-3.05,-2.44,-3.57,-2.98,4.46,-5.45,2.89,30-09-2026,0.75,LU0039216972,3,"","","多元化","環球",""
U43719,"施羅德環球基金系列 - 環球債券 A類別 AV  (美元 收息單位-現金派息)","環球多元化債券","環球多元化債券","施羅德投資管理(香港)有限公司",N,N,5.7453,02-10-2026,美元,3,-3.19,-0.38,-2.24,-2.87,-1.9,-3.05,-2.09,4.45,-5.7,3.31,30-09-2026,0.75,LU0012050992,2,"","","多元化","環球",""
U39874,"富達基金 - 環球債券基金A類別股份 (美元 派息股份)","環球多元化債券","環球多元化債券","富達基金(香港)有限公司",N,N,0.994,02-10-2026,美元,2,-3.73,-0.3,-2.17,-2.9,-2.9,-3.73,-3.37,5,-4.68,2.54,30-09-2026,0.75,LU0048582984,3,"","","多元化","環球",""
U42301,"霸菱環球債券基金A類別歐元收益","環球多元化債券","環球多元化債券","霸菱資產管理(亞洲)有限公司",N,N,17.88,02-10-2026,歐羅,2,0.42,0.22,-0.89,-3.35,-0.52,1.15,1.41,1.6,-2.19,3.05,30-09-2026,0.75,IE0004866996,2,"","","多元化","環球",""
U40069,"霸菱環球債券基金A類別美元收益","環球多元化債券","環球多元化債券","霸菱資產管理(亞洲)有限公司",N,N,20.09,02-10-2026,美元,2,-3.94,-1.23,-3.78,-4.83,-2.94,-3.33,-4.65,5.43,-9.83,3.13,30-09-2026,0.75,IE0000829568,2,"","","多元化","環球",""
U42470,"施羅德環球基金系列 - 環球債券A類股份 (美元 累積單位)","環球多元化債券","環球多元化債券","施羅德投資管理(香港)有限公司",N,N,11.4501,02-10-2026,美元,3,-3.19,-0.39,-2.24,-2.87,-1.9,-3.05,-2.09,4.45,-5.7,0,30-09-2026,0.75,LU0106256372,2,"","","多元化","環球",""
U45599,"滙豐環球投資基金 – 策略收益債券AMFIXAHGBP類 (英鎊對沖 每月分派-現金派息)","環球多元化債券 - 英鎊對沖","環球多元化債券","滙豐環球投資管理 (香港) 有限公司",N,Y,90.931,02-10-2026,英鎊,3,-2.03,-0.17,-1.91,-3.05,-1.34,-1.74,0,0,0,7.42,30-09-2026,1.2,LU2837853436,,"","","多元化","環球",""
U45468,"滙豐環球投資基金 – 環球短期債券AM3HGBP類 (英鎊對沖 每月分派-現金派息)","環球多元化債券 - 英鎊對沖","環球多元化債券","滙豐環球投資管理 (香港) 有限公司",N,Y,9.985,02-10-2026,英鎊,2,0.92,0.02,-0.52,-0.48,1,1.86,5.32,0,0,5.05,30-09-2026,0.5,LU2639850101,,"","","多元化","環球",""
U45301,"滙豐環球投資基金 - 環球短期債券AM2類 (美元 每月分派-現金派息)","環球多元化債券 - 美元對沖","環球多元化債券","滙豐環球投資管理 (香港) 有限公司",N,Y,9.33,02-10-2026,美元,1,0.97,0.03,-0.51,-0.46,1.03,1.96,5.58,6.39,0.82,5.09,30-09-2026,0.5,LU1819532174,4,"","","多元化","環球",""
U44707,"摩根國際債券(美元)(每月派息-現金派息)","環球多元化債券 - 美元對沖","環球多元化債券","摩根資產管理",Y,Y,7.44,30-09-2026,美元,2,-2.01,-0.66,-1.7,-2.83,-0.71,-1.19,2.98,5.76,-0.97,6.77,30-09-2026,0.8,HK0000244407,3,"","","多元化","環球",""
U45302,"滙豐環球投資基金 - 環球短期債券AM2類 (港元 每月分派-現金派息)","環球多元化債券 - 美元對沖","環球多元化債券","滙豐環球投資管理 (香港) 有限公司",N,Y,9.373,02-10-2026,港元,1,1.79,0.07,-0.44,-0.41,1.16,2.8,4.97,6.65,1.43,5.07,30-09-2026,0.5,LU1819532257,4,"","","多元化","環球",""
U44739,"摩根國際債券（港元）（每月派息-現金派息）(每月投資計劃)","環球多元化債券 - 美元對沖","環球多元化債券","摩根資產管理",N,Y,7.53,30-09-2026,港元,2,-1.2,-0.64,-1.55,-2.77,-0.66,-0.37,2.5,5.74,-0.46,6.75,30-09-2026,0.8,HK0000244373,3,"","","多元化","環球",""
U45326,"滙豐環球投資基金 - 環球短期債券AM2類 (港元 每月分派-現金派息) (每月投資計劃)","環球多元化債券 - 美元對沖","環球多元化債券","滙豐環球投資管理 (香港) 有限公司",N,Y,9.373,02-10-2026,港元,1,1.79,0.07,-0.44,-0.41,1.16,2.8,4.97,6.65,1.43,5.07,30-09-2026,0.5,LU1819532257,4,"","","多元化","環球",""
U44295,"PIMCO環球債券基金E類 累積股份 (美元)","環球多元化債券 - 美元對沖","環球多元化債券","PIMCO Asia Limited",N,N,30.64,02-10-2026,美元,3,-3.56,-0.49,-2.26,-3.8,-2.3,-2.61,3.16,7.1,-2.33,0,30-09-2026,1.39,IE00B11XZ210,3,"","","多元化","環球",""
U45596,"滙豐環球投資基金 – 策略收益債券AMFIXAHKD類 (港元 每月分派-現金派息)","環球多元化債券 - 美元對沖","環球多元化債券","滙豐環球投資管理 (香港) 有限公司",N,Y,91.972,02-10-2026,港元,2,-1.14,-0.12,-1.82,-2.97,-1.16,-0.79,0,0,0,7.39,30-09-2026,1.2,LU2837853196,,"","","多元化","環球",""
U43275,"貝萊德全球基金 - 可持續世界債券基金A2類股份 (美元)","環球多元化債券 - 美元對沖","環球多元化債券","貝萊德資產管理北亞有限公司",N,N,82.86,02-10-2026,美元,3,-2.23,-0.08,-1.5,-2.72,-1.42,-1.66,2.8,6.78,-1.69,0,30-09-2026,0.85,LU0184696937,2,"","","多元化","環球",""
U44708,"摩根國際債券(港元)(每月派息-現金派息)","環球多元化債券 - 美元對沖","環球多元化債券","摩根資產管理",Y,Y,7.53,30-09-2026,港元,2,-1.2,-0.64,-1.55,-2.77,-0.66,-0.37,2.5,5.74,-0.46,6.75,30-09-2026,0.8,HK0000244373,3,"","","多元化","環球",""
U45595,"匯豐環球投資基金 – 策略收益債券AMFIXA類 (美元 每月分派-現金派息)","環球多元化債券 - 美元對沖","環球多元化債券","滙豐環球投資管理 (香港) 有限公司",N,Y,91.137,02-10-2026,美元,2,-1.95,-0.16,-1.89,-3.02,-1.28,-1.61,0,0,0,7.41,30-09-2026,1.2,LU2837852974,,"","","多元化","環球",""
U43582,"聯博 - 短期債券基金","環球多元化債券 - 美元對沖","環球多元化債券","聯博香港有限公司",N,N,20.04,02-10-2026,美元,2,0.45,0.15,-0.45,-0.64,0.4,1.16,3.57,4.64,-0.81,0,30-09-2026,0.85,LU0102828612,3,"","","多元化","環球",""
U83659,"摩根國際債券(美元)(每半年派息)","環球多元化債券 - 美元對沖","環球多元化債券","摩根資產管理",N,N,16.73,30-09-2026,美元,2,-2,-0.72,-1.67,-2.89,-0.72,-1.24,3.03,5.61,-0.93,6.81,30-09-2026,1,HK0000055654,3,"","","多元化","環球",""
U44489,"聯博 - 新興市場債券基金AT類股份 (歐元對沖 每月派息-現金派息)","環球新興市場債券 -  歐元對沖","環球新興市場債券 -  歐元對沖","聯博香港有限公司",N,N,9.93,02-10-2026,歐羅,4,-2.5,-1.78,-4.24,-5.24,-1.27,-0.3,6.04,9.51,-4.54,4.44,30-09-2026,1.1,LU0511406646,2,"","","綜合","新興市場",""
U44326,"百達 - 全球新興市場債券-HP歐元股份類別 (歐元)","環球新興市場債券 -  歐元對沖","環球新興市場債券 -  歐元對沖","瑞士百達資產管理",N,N,255.68,02-10-2026,歐羅,4,-3.92,-1.78,-4.43,-5.65,-2.32,-0.23,4.99,5.17,-5.07,0,30-09-2026,1.1,LU0170994346,3,"","","綜合","新興市場",""
U44932,"鄧普頓新興市場債券基金A類 (美元 每月分派-現金派息)","環球新興市場債券 - 本地貨幣","環球新興市場債券 - 本地貨幣","富蘭克林鄧普頓投資",N,N,4.28,02-10-2026,美元,4,4.34,-1.05,-2.4,-1.33,4.26,10.06,1.65,13.13,-6.86,9.19,30-09-2026,1.5,LU0441901922,4,"","","綜合","新興市場",""
U44933,"鄧普頓新興市場債券基金A類 (港元 每月分派-現金派息)","環球新興市場債券 - 本地貨幣","環球新興市場債券 - 本地貨幣","富蘭克林鄧普頓投資",N,N,3.93,02-10-2026,港元,4,5.28,-0.97,-2.44,-1.18,4.45,11.2,1.06,13.31,-6.43,9.12,30-09-2026,1.5,LU0708994347,4,"","","綜合","新興市場",""
U44107,"貝萊德全球基金 - 新興市場本地貨幣債券基金A3類股份 (歐元 每月派息股份-現金派息)","環球新興市場債券 - 本地貨幣","環球新興市場債券 - 本地貨幣","貝萊德資產管理北亞有限公司",N,N,2.7,02-10-2026,歐羅,3,3.22,0,-0.37,-2.17,3.02,6.61,-0.23,11.61,-0.76,5.81,30-09-2026,1,LU0278457469,2,"","","綜合","新興市場",""
U44106,"貝萊德全球基金 - 新興市場本地貨幣債券基金A2類股份 (美元)","環球新興市場債券 - 本地貨幣","環球新興市場債券 - 本地貨幣","貝萊德資產管理北亞有限公司",N,N,27.98,02-10-2026,美元,3,0.97,-0.89,-2.85,-2.07,2.64,4.25,-6.24,15.49,-8.24,0,30-09-2026,1,LU0278470058,3,"","","綜合","新興市場",""
U43128,"施羅德環球基金系列 - 新興市場債券 A類別 QF (美元 每季收息單位-現金派息)","環球新興市場債券 - 本地貨幣","環球新興市場債券 - 本地貨幣","施羅德投資管理(香港)有限公司",N,N,7.5384,02-10-2026,美元,3,1.8,-0.5,-1.49,-1.33,2,4,-1.52,11.29,-7.95,5.4,30-09-2026,1.5,LU0080733339,3,"","","綜合","新興市場",""
U44108,"貝萊德全球基金 - 新興市場本地貨幣債券基金A3類股份 (美元 每月派息股份-現金派息)","環球新興市場債券 - 本地貨幣","環球新興市場債券 - 本地貨幣","貝萊德資產管理北亞有限公司",N,N,3.04,02-10-2026,美元,3,-0.28,-1.3,-3.18,-3.09,1.58,3.1,-6.17,15.56,-8.09,5.81,30-09-2026,1,LU0278470132,2,"","","綜合","新興市場",""
U43888,"鄧普頓新興市場債券基金A類 (美元 每季分派-現金派息)","環球新興市場債券 - 本地貨幣","環球新興市場債券 - 本地貨幣","富蘭克林鄧普頓投資",N,N,7.28,02-10-2026,美元,4,4.29,-1.09,-2.39,-1.23,4.26,10.18,1.84,13.11,-6.86,9.2,30-09-2026,1.5,LU0029876355,4,"","","綜合","新興市場",""
U44199,"貝萊德全球基金 - 新興市場本地貨幣債券基金A3類股份 (港元 每月派息股份-現金派息)","環球新興市場債券 - 本地貨幣","環球新興市場債券 - 本地貨幣","貝萊德資產管理北亞有限公司",N,N,23.85,02-10-2026,港元,3,-0.17,-1.36,-3.28,-3.91,0.78,3.09,-6.82,15.76,-7.72,5.81,30-09-2026,1,LU0388349754,2,"","","綜合","新興市場",""
U44418,"霸菱成熟及新興市場高收益債券基金G類別港元收益(每月-現金派息)","環球高收益債券","環球高收益債券","霸菱資產管理(亞洲)有限公司",N,N,57,02-10-2026,港元,3,1.15,-1.04,-2.19,-1.85,0.38,1.26,7.99,11.56,6.57,8.28,30-09-2026,1.25,IE00B62P4Q86,3,"","","高收益","環球",""
U45692,"霸菱環球高級抵押債券基金G類別 (港元非對沖 每月派息-現金派息)","環球高收益債券","環球高收益債券","霸菱資產管理(亞洲)有限公司",N,Y,72.86,02-10-2026,港元,3,0.91,-0.66,-1.76,-1.47,0.67,1.85,7.31,12.63,5.89,9.2,30-09-2026,1.25,IE00BFM0KR98,4,"","","高收益","環球",""
U42998,"霸菱成熟及新興市場高收益債券基金G類別美元收益(每月)","環球高收益債券","環球高收益債券","霸菱資產管理(亞洲)有限公司",N,N,7.14,02-10-2026,美元,3,0.21,-1.1,-2.31,-1.91,0.22,0.35,8.65,11.41,5.97,8.36,30-09-2026,1.25,IE0032158457,3,"","","高收益","環球",""
U42293,"霸菱成熟及新興市場高收益債券基金G類別 (歐元 收益每季派息)","環球高收益債券","環球高收益債券","霸菱資產管理(亞洲)有限公司",N,N,6.52,02-10-2026,歐羅,3,4.67,0.15,0.6,-0.45,2.71,4.51,15.73,8.14,14.86,6.44,30-09-2026,1.25,IE0004851808,3,"","","高收益","環球",""
U45691,"霸菱環球高級抵押債券基金G類別 (美元 每月派息-現金派息)","環球高收益債券","環球高收益債券","霸菱資產管理(亞洲)有限公司",N,Y,72.85,02-10-2026,美元,3,0.07,-0.69,-1.84,-1.51,0.54,1.02,7.88,12.59,5.28,9.17,30-09-2026,1.25,IE00BFM0L210,4,"","","高收益","環球",""
U39813,"霸菱成熟及新興市場高收益債券基金G類別 (美元 收益每季派息)","環球高收益債券","環球高收益債券","霸菱資產管理(亞洲)有限公司",N,N,6.94,02-10-2026,美元,3,0.26,-1.04,-2.27,-2,0.25,0.39,8.58,11.6,6,8.2,30-09-2026,1.25,IE0000835953,3,"","","高收益","環球",""
U44607,"安聯港元收益基金AM類收息股份 (美元 每月派息-現金派息)","港元債券","債券","安聯環球投資亞太有限公司",N,N,8.9018,02-10-2026,美元,2,-1.57,-0.04,-0.98,-1.06,-1.1,-0.63,3.8,4.55,-0.83,4.04,30-09-2026,1,LU0815945463,3,"","","綜合","環球",""
U45400,"安聯港元收益基金AMG類收息股份 (港元 每月派息-現金派息)","港元債券","債券","安聯環球投資亞太有限公司",N,Y,9.4474,02-10-2026,港元,2,-0.75,0.01,-0.93,-1.02,-0.98,0.23,3.19,0,0,5.21,30-09-2026,1,LU2560984747,2,"","","綜合","環球",""
U45399,"安聯港元收益基金AMG類收息股份 (美元 每月派息-現金派息)","港元債券","債券","安聯環球投資亞太有限公司",N,Y,9.4208,02-10-2026,美元,2,-1.56,-0.04,-0.98,-1.06,-1.1,-0.63,3.61,0,0,5.22,30-09-2026,1,LU2560984663,3,"","","綜合","環球",""
U43318,"恒生香港債券基金A類單位 (港元 累積收益單位) (每月投資計劃)","港元債券","債券","恒生投資管理有限公司",N,Y,27.72,30-09-2026,港元,2,-1.6,-0.93,-1.91,-2.46,-2.15,-0.32,4.59,7.49,-0.3,0,30-09-2026,1,HK0000284676,4,"","","綜合","環球",""
U43013,"恒生香港債券基金A類單位 (港元 每月派息單位-現金派息)","港元債券","債券","恒生投資管理有限公司",Y,Y,15.15,30-09-2026,港元,2,-1.58,-0.92,-1.92,-2.44,-2.13,-0.3,4.65,7.43,-0.27,4.46,30-09-2026,1,HK0000284684,4,"","","綜合","環球",""
U42886,"施羅德環球基金系列 - 港元債券A類股份 (港元 累積單位)","港元債券","債券","施羅德投資管理(香港)有限公司",N,N,22.9528,02-10-2026,港元,2,-2.22,0.25,-1.18,-2.04,-2.61,-1.19,1.77,5.7,-0.61,0,30-09-2026,0.75,LU0149525270,2,"","","綜合","環球",""
U43014,"恒生香港債券基金A類單位 (港元 累積收益單位)","港元債券","債券","恒生投資管理有限公司",Y,Y,27.72,30-09-2026,港元,2,-1.6,-0.93,-1.91,-2.46,-2.15,-0.32,4.59,7.49,-0.3,0,30-09-2026,1,HK0000284676,4,"","","綜合","環球",""
U43129,"施羅德環球基金系列 - 港元債券 A類別 MV  (港元 每月收息單位-現金派息)","港元債券","債券","施羅德投資管理(香港)有限公司",N,N,12.8984,02-10-2026,港元,2,-2.22,0.25,-1.18,-2.03,-2.61,-1.19,1.77,5.69,-0.61,4.71,30-09-2026,0.75,LU0149524976,1,"","","綜合","環球",""
U45143,"恒生香港債券基金A類單位 (美元 每月派息單位-現金派息)","港元債券","債券","恒生投資管理有限公司",Y,Y,8.39,30-09-2026,美元,2,-2.31,-0.94,-1.99,-2.45,-2.24,-1.04,5.39,7.17,0,4.48,30-09-2026,1,HK0000716651,4,"","","綜合","環球",""
U44608,"安聯港元收益基金AM類收息股份 (港元 每月派息-現金派息)","港元債券","債券","安聯環球投資亞太有限公司",N,N,9.0195,02-10-2026,港元,2,-0.75,0.01,-0.93,-1.02,-0.98,0.23,3.2,4.66,-0.23,3.99,30-09-2026,1,LU0815945547,3,"","","綜合","環球",""
U45024,"聯博－美元收益基金AA類股份（港元 每月派息-現金派息)","美元債券 - 靈活策略","債券 - 靈活策略","聯博香港有限公司",N,Y,65.8,02-10-2026,港元,2,-3.29,-0.8,-3.23,-4.37,-3.33,-2.74,2.27,8.36,0.24,8.66,30-09-2026,1.1,LU1069345178,2,"","","靈活策略","環球",""
U45050,"聯博－美元收益基金AA股 (港元 每月派息-現金派息)  (每月投資計劃)","美元債券 - 靈活策略","債券 - 靈活策略","聯博香港有限公司",N,Y,65.8,02-10-2026,港元,2,-3.29,-0.8,-3.23,-4.37,-3.33,-2.74,2.27,8.36,0.24,8.66,30-09-2026,1.1,LU1069345178,2,"","","靈活策略","環球",""
U44741,"聯博 - 美元收益基金AT類股份 (美元每月派息-現金派息) (每月投資計劃)","美元債券 - 靈活策略","債券 - 靈活策略","聯博香港有限公司",N,N,5.89,02-10-2026,美元,2,-4.1,-0.79,-3.38,-4.37,-3.47,-3.52,2.92,8.32,-0.29,6.72,30-09-2026,1.1,LU0157308031,2,"","","靈活策略","環球",""
U45423,"路博邁 - 策略收益基金A類股份 (美元 每月分派-現金派息)","美元債券 - 靈活策略","債券 - 靈活策略","路博邁亞洲有限公司",N,Y,7.54,02-10-2026,美元,2,-3.04,-0.78,-2.81,-3.71,-2.74,-2.21,4.65,8.34,2.14,6.94,30-09-2026,1,IE00B7BTH691,3,"","","靈活策略","環球",""
U44210,"聯博 - 美元收益基金AT類股份 (港元 每月派息-現金派息)","美元債券 - 靈活策略","債券 - 靈活策略","聯博香港有限公司",N,N,46.33,02-10-2026,港元,2,-3.29,-0.8,-3.23,-4.38,-3.34,-2.74,2.27,8.37,0.27,6.64,30-09-2026,1.1,LU0417103065,2,"","","靈活策略","環球",""
U45025,"聯博－美元收益基金AA類股份（美元 每月派息-現金派息)","美元債券 - 靈活策略","債券 - 靈活策略","聯博香港有限公司",N,Y,8.39,02-10-2026,美元,2,-4.15,-0.93,-3.31,-4.49,-3.52,-3.62,2.83,8.32,-0.34,8.65,30-09-2026,1.1,LU1008671684,2,"","","靈活策略","環球",""
U45753,"富蘭克林多元入息基金 A類 (港元 累積)","美元債券 - 靈活策略","債券 - 靈活策略","富蘭克林鄧普頓投資",N,Y,9.98,02-10-2026,港元,2,0,-0.4,-1.96,-2.35,-1.09,0,0,0,0,0,,1.25,LU3196154150,,"","","靈活策略","環球",""
U45424,"路博邁 - 策略收益基金A類股份 (港元對沖 每月分派-現金派息)","美元債券 - 靈活策略","債券 - 靈活策略","路博邁亞洲有限公司",N,Y,7.43,02-10-2026,港元,2,-3.98,-0.8,-2.99,-4.03,-3.44,-3.29,3.66,7.28,2.1,7,30-09-2026,1,IE00BRJFZH69,3,"","","靈活策略","環球",""
U45749,"富蘭克林多元入息基金 A類 (美元 每月派息-PLUS1)","美元債券 - 靈活策略","債券 - 靈活策略","富蘭克林鄧普頓投資",N,Y,9.35,02-10-2026,美元,2,0,-0.39,-2.05,-2.45,-1.17,0,0,0,0,0,,1.25,LU3196154317,,"","","靈活策略","環球",""
U43580,"聯博 - 美元收益基金AT類股份 (美元 每月派息-現金派息)","美元債券 - 靈活策略","債券 - 靈活策略","聯博香港有限公司",N,N,5.89,02-10-2026,美元,2,-4.1,-0.79,-3.38,-4.37,-3.47,-3.52,2.92,8.32,-0.29,6.72,30-09-2026,1.1,LU0157308031,2,"","","靈活策略","環球",""
U44995,"JPM環球債券收益(美元)A股(每月派息-現金派息)","美元債券 - 靈活策略","債券 - 靈活策略","摩根資產管理",N,Y,7.38,02-10-2026,美元,2,-0.24,-0.17,-1.76,-1.58,-0.23,0.8,5.96,4.98,2.17,6.31,30-09-2026,1,LU1128926489,4,"","","靈活策略","環球",""
U45750,"富蘭克林多元入息基金 A類 (港元 每月派息-PLUS1)","美元債券 - 靈活策略","債券 - 靈活策略","富蘭克林鄧普頓投資",N,Y,9.42,02-10-2026,港元,2,0,-0.39,-2.04,-2.43,-1.16,0,0,0,0,0,,1.25,LU3196154580,,"","","靈活策略","環球",""
U45752,"富蘭克林多元入息基金 A類 (美元 累積)","美元債券 - 靈活策略","債券 - 靈活策略","富蘭克林鄧普頓投資",N,Y,9.91,02-10-2026,美元,2,0,-0.4,-1.98,-2.36,-1.2,0,0,0,0,0,,1.25,LU3196153939,,"","","靈活策略","環球",""
U44996,"JPM環球債券收益(港元)A股(每月派息-現金派息)","美元債券 - 靈活策略","債券 - 靈活策略","摩根資產管理",N,Y,7.49,02-10-2026,港元,2,0.68,-0.04,-1.48,-1.43,-0.09,1.71,5.23,5.16,2.83,6.22,30-09-2026,1,LU1128926307,4,"","","靈活策略","環球",""
U43579,"聯博 - 美元收益基金A2類股份 (美元)","美元債券 - 靈活策略","債券 - 靈活策略","聯博香港有限公司",N,Y,32.36,02-10-2026,美元,2,-4.09,-0.83,-3.29,-4.43,-3.46,-3.55,2.82,8.31,-0.37,0,30-09-2026,1.1,LU0095030564,2,"","","靈活策略","環球",""
U45042,"聯博－環球高收益基金AA類股份（歐元對沖 每月派息-現金派息)","環球高收益債券 - 歐元對沖","環球高收益債券","聯博香港有限公司",N,Y,6.72,02-10-2026,歐羅,3,-1.98,-0.89,-2.6,-2.89,-0.68,-1.52,5.42,10.35,1.9,9.35,30-09-2026,1.45,LU1069345848,2,"","","高收益","環球",""
U44433,"聯博 - 環球高收益基金AT類股份 (歐元對沖 每月派息-現金派息)","環球高收益債券 - 歐元對沖","環球高收益債券","聯博香港有限公司",N,N,9.88,02-10-2026,歐羅,3,-1.86,-0.91,-2.56,-2.76,-0.6,-1.47,5.45,10.34,1.86,5.81,30-09-2026,1.45,LU0448041581,2,"","","高收益","環球",""
U44455,"滙豐環球投資基金 – 環球高收益債券AM3HEUR類 (歐元對沖 每月分派-現金派息)","環球高收益債券 - 歐元對沖","環球高收益債券","滙豐環球投資管理 (香港) 有限公司",N,N,7.177,02-10-2026,歐羅,4,-1.31,-0.57,-1.91,-2.06,-0.31,-0.55,4.68,7.81,0.24,4.5,30-09-2026,1.1,LU0780247630,1,"","","高收益","環球",""
U45693,"霸菱環球高級抵押債券基金G類別 (歐元對沖 每月派息-現金派息)","環球高收益債券 - 歐元對沖","環球高收益債券","霸菱資產管理(亞洲)有限公司",N,Y,77.35,02-10-2026,歐羅,3,-1.2,-0.72,-1.96,-1.89,-0.27,-0.81,6.14,10.2,4.36,6.82,30-09-2026,1.25,IE00BFM0L434,3,"","","高收益","環球",""
U44893,"PIMCO GIS 環球高孳息債券基金E類收息股份 (英鎊對沖 每季收息-現金派息)","環球高收益債券 - 英磅對沖","環球高收益債券 - 英磅對沖","PIMCO Asia Limited",N,N,10.87,02-10-2026,英鎊,3,-1.02,-0.77,-2.26,-2.09,-0.11,0.4,6.32,11.18,2.38,5.32,30-09-2026,1.45,IE00B523KC34,2,"","","高收益","環球",""
U44434,"聯博 - 環球高收益基金AT類股份 (英鎊對沖 每月派息-現金派息)","環球高收益債券 - 英磅對沖","環球高收益債券 - 英磅對沖","聯博香港有限公司",N,N,9.74,02-10-2026,英鎊,3,-0.76,-0.98,-2.46,-2.49,0.13,0.19,6.91,11.97,2.51,7.79,30-09-2026,1.45,LU0689626256,2,"","","高收益","環球",""
U43428,"霸菱成熟及新興市場高收益債券基金G類別 (英鎊對沖 收益每季派息)","環球高收益債券 - 英磅對沖","環球高收益債券 - 英磅對沖","霸菱資產管理(亞洲)有限公司",N,N,4.1,02-10-2026,英鎊,3,0.31,-1.04,-2.42,-1.97,0.29,0.31,8.24,10.74,5.76,8.27,30-09-2026,1.25,IE0033156484,1,"","","高收益","環球",""
U45696,"霸菱環球高級抵押債券基金G類別 (英鎊對沖 每月派息-現金派息)","環球高收益債券 - 英磅對沖","環球高收益債券 - 英磅對沖","霸菱資產管理(亞洲)有限公司",N,Y,71.29,02-10-2026,英鎊,3,0.05,-0.7,-1.85,-1.53,0.53,0.95,7.57,11.87,5.01,9.45,30-09-2026,1.25,IE00BFM0L657,3,"","","高收益","環球",""
U45043,"聯博－環球高收益基金AA類股份（英鎊對沖 每月派息-現金派息)","環球高收益債券 - 英磅對沖","環球高收益債券 - 英磅對沖","聯博香港有限公司",N,Y,6.55,02-10-2026,英鎊,3,-0.64,-0.93,-2.4,-2.46,0.19,0.23,6.85,12.03,2.56,11.37,30-09-2026,1.45,LU1069345764,2,"","","高收益","環球",""
U45361,"貝萊德全球基金  - 中國債券基金A3類股份 (港幣  每月派息股份-現金派息)","中國債券","中國債券","貝萊德資產管理北亞有限公司",N,N,75.41,29-09-2026,港元,3,6.58,-0.68,-0.36,0.86,4.45,8.52,2.77,-0.81,0.74,3.86,30-09-2026,0.75,LU0690034276,4,"","","綜合","中國",""
U45064,"滙豐集合投資信託 - 滙豐全方位中國債券基金AM2類（美元 每月分派-現金派息）","中國債券","中國債券","滙豐環球投資管理 (香港) 有限公司",N,N,7.626,30-09-2026,美元,3,6.75,-0.01,0.03,2.19,5.18,8.6,2.55,-0.2,0.72,2.41,30-09-2026,0.75,HK0000200300,3,"","","綜合","中國",""
U45350,"貝萊德全球基金  - 中國債券基金A3類股份 (人民幣  每月派息股份-現金派息)","中國債券","中國債券","貝萊德資產管理北亞有限公司",N,N,64.47,29-09-2026,人民幣,3,1.86,-0.57,-0.28,-0.17,1.49,1.71,6.36,2.02,-2.04,3.86,30-09-2026,0.75,LU0679941160,4,"","","綜合","中國",""
U45800,"聯博 - 人民幣優越收益基金 AT類股份 (港元-每月派息-現金派息)","中國債券","中國債券","聯博香港有限公司",N,N,89.96,30-09-2026,港元,3,5.17,-0.7,-1.29,1.11,4.64,7.37,3.45,-1.86,3.62,4.61,30-09-2026,1.1,LU0633139711,3,"","","綜合","中國",""
U45814,"Testing - Dummy of U45361","中國債券","中國債券","貝萊德資產管理北亞有限公司",N,N,75.41,29-09-2026,港元,3,6.58,-0.68,-0.36,0.86,4.45,8.52,2.77,-0.81,0.74,3.86,30-09-2026,0.75,LU0690034276,4,"","","綜合","中國",""
U44371,"中國平安精選人民幣債券基金A類人民幣單位 (現金派息)","中國債券","中國債券","中國平安資產管理(香港)",N,N,103.7,30-09-2026,人民幣,3,1.95,0.03,0.06,0.89,1.7,1.94,2.07,3.94,2.68,4.18,30-09-2026,1,HK0000079084,4,"","","綜合","中國",""
U45097,"貝萊德全球基金  - 中國債券基金A6類股份 (人民幣  每月派息股份-現金派息)","中國債券","中國債券","貝萊德資產管理北亞有限公司",N,Y,84.28,29-09-2026,人民幣,3,1.76,-0.67,-0.39,-0.28,1.39,1.6,6.37,2.02,-2.02,4.92,30-09-2026,0.75,LU1852330734,3,"","","綜合","中國",""
U45066,"滙豐集合投資信託 - 滙豐全方位中國債券基金AM2類（人民幣 每月分派-現金派息）","中國債券","中國債券","滙豐環球投資管理 (香港) 有限公司",Y,Y,8.28,30-09-2026,人民幣,3,2.59,-0.06,-0.12,0.98,2.16,2.22,5.71,2.75,-1.38,2.47,30-09-2026,0.75,HK0000200326,3,"","","綜合","中國",""
U45443,"中國平安精選人民幣債券基金A類(人民幣 每月現金派息)","中國債券","中國債券","中國平安資產管理(香港)",Y,Y,94.5,30-09-2026,人民幣,3,1.42,0.03,-0.19,0.37,1.18,1.41,2.03,0,0,2.79,30-09-2026,1,HK0000943230,2,"","","綜合","中國",""
U44337,"恒生人民幣債券基金A類單位 (人民幣 每月現金派息)","中國債券","中國債券","恒生投資管理有限公司",Y,Y,8.85,30-09-2026,人民幣,3,0.97,-0.11,-0.44,0.13,0.48,0.71,3.07,4.45,0.85,2.86,30-09-2026,0.75,HK0000284866,2,"","","綜合","中國",""
U45065,"滙豐集合投資信託 - 滙豐全方位中國債券基金AM2類（港元 每月分派-現金派息）","中國債券","中國債券","滙豐環球投資管理 (香港) 有限公司",Y,Y,7.729,30-09-2026,港元,3,7.63,0.02,0.11,2.25,5.28,9.54,2.03,-0.12,1.23,2.4,30-09-2026,0.75,HK0000200342,3,"","","綜合","中國",""
U44473,"聯博 - 人民幣優越收益基金 AT類股份 (人民幣-每月派息-現金派息)","中國債券","中國債券","聯博香港有限公司",N,Y,77.42,30-09-2026,人民幣,3,0.21,-0.75,-1.6,-0.17,1.44,0.19,7.2,0.83,0.74,5.05,30-09-2026,1.1,LU0633139638,3,"","","綜合","中國",""
U45325,"滙豐集合投資信託 - 滙豐全方位中國債券基金AM2類 (港元 每月分派-現金派息) (每月投資計劃)","中國債券","中國債券","滙豐環球投資管理 (香港) 有限公司",N,N,7.729,30-09-2026,港元,3,7.63,0.02,0.11,2.25,5.28,9.54,2.03,-0.12,1.23,2.4,30-09-2026,0.75,HK0000200342,3,"","","綜合","中國",""
U44182,"富達基金 - 環球通脹連繫債券基金A類別股份 (美元 累積)","環球通脹掛鉤債券","環球通脹掛鉤債券","富達基金(香港)有限公司",N,N,12.01,02-10-2026,美元,3,-1.48,-0.33,-2.44,-2.28,-1.88,-1.56,-1.5,5.48,2.67,0,30-09-2026,0.5,LU0353648891,4,"","","通脹掛鉤","環球",""
U44297,"PIMCO環球實質回報基金E類累積股份 (美元)","環球通脹掛鉤債券 – 美元對沖","環球通脹掛鉤債券 – 美元對沖","PIMCO Asia Limited",N,N,19.71,02-10-2026,美元,3,-2.38,-0.5,-2.33,-3.48,-2.86,-1.45,-0.47,3.89,4.06,0,30-09-2026,1.39,IE00B11XZ657,3,"","","通脹掛鉤","環球",""
U44875,"施羅德環球基金系列－環球通貨膨脹連繫債券A類別 (美元對沖 累積單位)","環球通脹掛鉤債券 – 美元對沖","環球通脹掛鉤債券 – 美元對沖","施羅德投資管理(香港)有限公司",N,N,34.7667,02-10-2026,美元,3,-1.68,-0.26,-1.6,-2.76,-1.89,-0.77,-1.66,3.12,4.4,0,30-09-2026,0.75,LU0188096647,1,"","","通脹掛鉤","環球",""
U45363,"高盛亞洲高收益債券投資組合 (其他貨幣類股份 港元 總收益每月分派-現金派息)","亞洲高收益債券","亞洲高收益債券","高盛資產管理（香港）有限公司",N,Y,63.86,02-10-2026,港元,4,4.28,-0.35,-0.91,0.24,3.6,3.92,13.9,-0.79,-6.78,7.93,30-09-2026,1.25,LU2201853467,4,"","","高收益","亞洲",""
U44929,"安聯動力亞洲高收益債券基金AMG類收息股份 (港元 每月派息-現金派息)  (每月投資計劃)","亞洲高收益債券","亞洲高收益債券","安聯環球投資亞太有限公司",N,N,4.2219,02-10-2026,港元,4,3.6,-0.57,-1.49,-0.69,3.13,4.07,12.42,0.04,-19.05,8.14,30-09-2026,1.5,LU1282650073,2,"","","高收益","亞洲",""
U45366,"高盛亞洲高收益債券投資組合 (基準貨幣類股份 美元 總收益每月分派-現金派息)","亞洲高收益債券","亞洲高收益債券","高盛資產管理（香港）有限公司",N,Y,63.2,02-10-2026,美元,4,3.47,-0.39,-0.97,0.19,3.46,3.07,14.61,-0.99,-7.29,7.98,30-09-2026,1.25,LU2201852816,4,"","","高收益","亞洲",""
U43875,"富達基金 - 亞洲高收益基金A類別股份 (美元 每月派息股份-現金派息)","亞洲高收益債券","亞洲高收益債券","富達基金(香港)有限公司",N,N,4.796,02-10-2026,美元,4,3.42,-0.63,-1.68,-0.63,3.2,4.25,11.88,-1.24,-14.26,5.62,30-09-2026,1,LU0286669428,3,"","","高收益","亞洲",""
U43876,"富達基金 - 亞洲高收益基金A類別股份 (美元 累積)","亞洲高收益債券","亞洲高收益債券","富達基金(香港)有限公司",N,N,16.52,02-10-2026,美元,4,3.44,-0.6,-1.67,-0.6,3.25,4.29,11.94,-1.3,-14.22,0,30-09-2026,1,LU0286668453,3,"","","高收益","亞洲",""
U44375,"滙豐亞洲高收益債券基金AM2類 (港元 每月分派-現金派息)","亞洲高收益債券","亞洲高收益債券","滙豐環球投資管理 (香港) 有限公司",N,Y,4.529,30-09-2026,港元,4,0.47,-1.01,-1.67,-1.11,1.79,1.36,7.42,-2.53,-13.49,7.81,30-09-2026,1.25,HK0000349560,3,"","","高收益","亞洲",""
U45183,"貝萊德全球基金  - 亞洲高收益債券基金A6類股份 (美元 每月派息股份-現金派息)","亞洲高收益債券","亞洲高收益債券","貝萊德資產管理北亞有限公司",N,Y,4.88,02-10-2026,美元,4,2.92,-0.34,-0.95,0.18,3.21,3.65,15.03,-2.77,-17.39,8,30-09-2026,1,LU1564328141,3,"","","高收益","亞洲",""
U44819,"安聯動力亞洲高收益債券基金AMG類收息股份 (港元 每月派息-現金派息)","亞洲高收益債券","亞洲高收益債券","安聯環球投資亞太有限公司",N,N,4.2219,02-10-2026,港元,4,3.6,-0.57,-1.49,-0.69,3.13,4.07,12.42,0.04,-19.05,8.14,30-09-2026,1.5,LU1282650073,2,"","","高收益","亞洲",""
U45401,"富達基金 - 亞洲高收益基金A類別股份 (美元 每月特色派息(G)-現金派息)","亞洲高收益債券","亞洲高收益債券","富達基金(香港)有限公司",N,Y,4.466,02-10-2026,美元,4,3.45,-0.62,-1.67,-0.62,3.2,4.26,11.89,-1.27,-14.27,7.41,30-09-2026,1,LU0937949237,3,"","","高收益","亞洲",""
U44818,"安聯動力亞洲高收益債券基金AMG類收息股份 (美元 每月派息-現金派息)","亞洲高收益債券","亞洲高收益債券","安聯環球投資亞太有限公司",N,N,4.1823,02-10-2026,美元,4,2.76,-0.61,-1.54,-0.72,3.01,3.19,13.07,0.01,-19.5,8.13,30-09-2026,1.5,LU1282649901,2,"","","高收益","亞洲",""
U43877,"富達基金 - 亞洲高收益基金A類別股份 (歐元 累積)","亞洲高收益債券","亞洲高收益債券","富達基金(香港)有限公司",N,N,19.01,02-10-2026,歐羅,4,7.83,0.64,1.22,1.06,5.85,8.32,19.58,-4.49,-7.86,0,30-09-2026,1,LU0286668966,3,"","","高收益","亞洲",""
U45394,"滙豐環球投資基金 - 亞洲高收益債券AM2類 (美元 每月分派-現金派息)","亞洲高收益債券","亞洲高收益債券","滙豐環球投資管理 (香港) 有限公司",N,N,4.524,02-10-2026,美元,4,1.47,-0.59,-1.39,-0.52,1.99,2.06,9.6,-6.54,-15.34,8.42,30-09-2026,1.25,LU2066403754,2,"","","高收益","亞洲",""
U45402,"富達基金 - 亞洲高收益基金A類別股份 (港元 每月特色派息(G)-現金派息)","亞洲高收益債券","亞洲高收益債券","富達基金(香港)有限公司",N,Y,9.757,02-10-2026,港元,4,4.24,-0.6,-1.62,-0.58,3.32,5.08,11.25,0,0,7.36,30-09-2026,1,LU2605879944,3,"","","高收益","亞洲",""
U44340,"富達基金 - 亞洲高收益基金A類別股份 (港元 每月派息股份-現金派息)","亞洲高收益債券","亞洲高收益債券","富達基金(香港)有限公司",N,N,5.52,02-10-2026,港元,4,4.26,-0.61,-1.63,-0.59,3.32,5.11,11.27,-1.14,-13.78,5.6,30-09-2026,1,LU0532244745,3,"","","高收益","亞洲",""
U44374,"滙豐亞洲高收益債券基金AM2類 (美元 每月分派-現金派息)","亞洲高收益債券","亞洲高收益債券","滙豐環球投資管理 (香港) 有限公司",N,Y,4.483,30-09-2026,美元,4,-0.28,-1.05,-1.76,-1.18,1.66,0.55,7.87,-2.52,-14,7.85,30-09-2026,1.25,HK0000349578,3,"","","高收益","亞洲",""
U45124,"高盛新興市場企業債券投資組合 (基準貨幣類股份 美元 總收益每月分派-現金派息)","環球新興市場企業債券","環球新興市場企業債券","高盛資產管理（香港）有限公司",N,Y,76.57,02-10-2026,美元,4,-0.47,-1.08,-2.22,-2.11,0.09,0.57,6.47,8.44,-0.7,6.56,30-09-2026,1.25,LU1698129001,3,"","","企業","新興市場",""
U45125,"高盛新興市場企業債券投資組合 (其他貨幣類股份 港元 總收益每月分派-現金派息)","環球新興市場企業債券","環球新興市場企業債券","高盛資產管理（香港）有限公司",N,Y,81.86,02-10-2026,港元,4,0.33,-1.05,-2.17,-2.06,0.22,1.43,5.8,8.69,-0.12,6.46,30-09-2026,1.25,LU1932893719,3,"","","企業","新興市場",""
U45316,"東方匯理系列基金 - 新興市場綠息基金A2 MTD3 (D) 類股份 (美元 每月派息-現金派息)","環球新興市場企業債券","環球新興市場企業債券","東方匯理資產管理香港有限公司",N,N,31.93,02-10-2026,美元,3,-1.3,-0.6,-1.79,-2.31,-0.35,-0.71,5.16,4.44,0,6.86,30-09-2026,1.45,LU2305762036,2,"","","企業","新興市場",""
U45106,"晉達環球策略基金 - 新興巿場投資評級公司債券基金A(美元 收益-3股份 每月現金派息)","環球新興市場企業債券","環球新興市場企業債券","晉達資產管理香港有限公司",N,N,15.66,02-10-2026,美元,3,-3.92,-1.19,-2.95,-3.71,-2.06,-3.59,4.81,5.35,-2.48,5.37,30-09-2026,1.2,LU2069490311,2,"","","企業","新興市場",""
U45317,"東方匯理系列基金 - 新興市場綠息基金A2 MTD3 (D) 類股份 (港元 每月派息-現金派息)","環球新興市場企業債券","環球新興市場企業債券","東方匯理資產管理香港有限公司",N,N,32.19,02-10-2026,港元,3,-0.48,-0.59,-1.71,-2.28,-0.25,0.12,4.6,4.48,0,6.83,30-09-2026,1.45,LU2305762119,2,"","","企業","新興市場",""
U45107,"晉達環球策略基金 - 新興巿場投資評級公司債券基金A(港元 收益-3股份 每月現金派息)","環球新興市場企業債券","環球新興市場企業債券","晉達資產管理香港有限公司",N,N,78.58,02-10-2026,港元,3,-3.15,-1.13,-2.91,-3.68,-1.96,-2.8,4.29,5.45,-1.94,5.32,30-09-2026,1.2,LU2069490402,2,"","","企業","新興市場",""
U42469,"施羅德環球基金系列 - 環球企業債券A類股份 (美元 累積單位)","環球企業債券 - 美元對沖","環球企業債券","施羅德投資管理(香港)有限公司",N,N,13.323,02-10-2026,美元,2,-2.01,-0.28,-1.64,-2.98,-1.17,-1.41,4.05,8.85,-1.07,0,30-09-2026,0.75,LU0106258311,2,"","","企業","環球",""
U43722,"施羅德環球基金系列 - 環球企業債券 A類別 MV (美元 每月收息單位-現金派息)","環球企業債券 - 美元對沖","環球企業債券","施羅德投資管理(香港)有限公司",N,N,4.9689,02-10-2026,美元,2,-2.01,-0.27,-1.64,-2.98,-1.17,-1.41,4.04,8.85,-1.07,4.72,30-09-2026,0.75,LU0053903380,2,"","","企業","環球",""
U45099,"滙豐環球投資基金 – 氣候轉型環球企業債券  AM2類（美元 每月分派-現金派息）","環球企業債券 - 美元對沖","環球企業債券","滙豐環球投資管理 (香港) 有限公司",N,N,8.313,02-10-2026,美元,2,-3.13,-0.22,-1.95,-3.65,-2.33,-2.69,3.05,9,-1,5.44,30-09-2026,0.8,LU1709305095,2,"","","企業","環球",""
U44431,"貝萊德全球基金 - 環球企業債券基金A6類股份 (美元 每月派息股份-現金派息)","環球企業債券 - 美元對沖","環球企業債券","貝萊德資產管理北亞有限公司",N,N,9.38,02-10-2026,美元,2,-2.29,-0.02,-1.79,-3.14,-1.81,-1.58,3.31,9.14,-2,4.83,30-09-2026,0.9,LU0788109634,2,"","","企業","環球",""
U44903,"PIMCO GIS 環球投資級別債券基金M類收息II股份 (美元 每月收息-現金派息)","環球企業債券 - 美元對沖","環球企業債券","PIMCO Asia Limited",N,N,7.8,02-10-2026,美元,3,-2.79,-0.41,-2.52,-3.85,-2.23,-2.16,3.45,8.34,-2.26,5.4,30-09-2026,1.39,IE00BH6XX795,1,"","","企業","環球",""
U45100,"滙豐環球投資基金 – 氣候轉型環球企業債券 AM2類（港元 每月分派-現金派息）","環球企業債券 - 美元對沖","環球企業債券","滙豐環球投資管理 (香港) 有限公司",N,Y,8.305,02-10-2026,港元,2,-2.33,-0.17,-1.88,-3.58,-2.2,-1.87,2.52,9.04,-0.46,5.42,30-09-2026,0.8,LU1778281227,2,"","","企業","環球",""
U45307,"滙豐環球投資基金 – 氣候轉型環球企業債券 AM2類 (港元 每月分派-現金派息) (每月投資計劃)","環球企業債券 - 美元對沖","環球企業債券","滙豐環球投資管理 (香港) 有限公司",N,Y,8.305,02-10-2026,港元,2,-2.33,-0.17,-1.88,-3.58,-2.2,-1.87,2.52,9.04,-0.46,5.42,30-09-2026,0.8,LU1778281227,2,"","","企業","環球",""
U45155,"景順環球高評級企業債券基金A(每月派息 -1 股份)(港元)-現金派息","環球企業債券 - 美元對沖","環球企業債券","景順投資管理有限公司",N,Y,67.0395,02-10-2026,港元,2,-2.17,-0.35,-1.82,-3.18,-1.61,-1.34,3.41,9.7,-0.25,8.94,30-09-2026,0.75,LU2110299786,2,"","","企業","環球",""
U45154,"景順環球高評級企業債券基金A(每月派息 -1 股份)(美元)-現金派息","環球企業債券 - 美元對沖","環球企業債券","景順投資管理有限公司",N,Y,6.7127,02-10-2026,美元,2,-2.95,-0.39,-1.88,-3.22,-1.73,-2.18,4.03,9.46,-0.84,9.05,30-09-2026,0.75,LU2110299513,2,"","","企業","環球",""
U45340,"滙豐環球基金ICAV–環球企業債券指數UCITS ETF非上巿HCHKD(HUSD)類(港元累積)","環球企業債券 - 美元對沖","環球企業債券","滙豐環球投資管理 (香港) 有限公司",N,N,11.3889,01-10-2026,港元,2,-1.1,-0.39,-1.68,-2.92,-1.43,-0.37,2.86,8.72,-0.79,0,30-09-2026,0.28,IE00BJXS6P07,3,"","","企業","環球",""
U44796,"FTGF西方資產亞洲機會基金A類港元精選派息(每月現金派息)","亞洲債券 - 本地貨幣","亞洲債券 - 本地貨幣","美盛資產管理香港有限公司",N,N,72.76,02-10-2026,港元,2,-1.91,-0.4,-0.64,1.38,0.66,-1.74,1.03,4.39,-3.2,5.12,30-09-2026,1.1,IE00BZ9MQX69,3,"","","綜合","亞洲",""
U43931,"鄧普頓亞洲債券基金A類 (美元 累積)","亞洲債券 - 本地貨幣","亞洲債券 - 本地貨幣","富蘭克林鄧普頓投資",N,N,16.21,02-10-2026,美元,3,-0.06,-0.25,-0.8,3.05,2.47,-0.67,-4.5,1.25,-3.9,0,30-09-2026,1.05,LU0229949994,2,"","","綜合","亞洲",""
U44795,"FTGF西方資產亞洲機會基金A類美元精選派息(每月現金派息)","亞洲債券 - 本地貨幣","亞洲債券 - 本地貨幣","美盛資產管理香港有限公司",N,N,60.11,02-10-2026,美元,2,-2.76,-0.45,-0.73,1.31,0.53,-2.62,1.56,4.37,-3.73,5.14,30-09-2026,1.1,IE00B4XJJ152,3,"","","綜合","亞洲",""
U43953,"鄧普頓亞洲債券基金A類 (美元 每月分派-現金派息)","亞洲債券 - 本地貨幣","亞洲債券 - 本地貨幣","富蘭克林鄧普頓投資",N,N,6.99,02-10-2026,美元,3,-0.03,-0.25,-0.82,3.13,2.5,-0.69,-4.58,1.37,-3.82,5.33,30-09-2026,1.05,LU0229950067,2,"","","綜合","亞洲",""
U44314,"鄧普頓環球債券基金A類 (港元 每月分派-現金派息)","環球債券 - 靈活策略","環球債券 - 靈活策略","富蘭克林鄧普頓投資",N,N,5.78,02-10-2026,港元,4,2.86,-0.65,-2.32,0.05,2.69,3.13,-12.23,1.89,-4.35,6.43,30-09-2026,1.05,LU0476943617,2,"","","靈活策略","環球",""
U43909,"鄧普頓環球總收益基金A類 (美元 累積)","環球債券 - 靈活策略","環球債券 - 靈活策略","富蘭克林鄧普頓投資",N,N,28.46,02-10-2026,美元,4,3.68,-0.97,-2.53,0.67,4.25,5.92,-6.92,5.19,-5.16,0,30-09-2026,1.05,LU0170475312,3,"","","靈活策略","環球",""
U45792,"資本集團 - 全球高收益機會基金(盧森堡) BFDM類 (港元 每月分派-現金派息)","環球債券 - 靈活策略","環球債券 - 靈活策略","資本集團",N,Y,212.8499,02-10-2026,港元,4,-0.19,-0.79,-2.57,-2.56,-0.3,1.28,3.22,10.82,0.63,7.13,30-09-2026,1.3,LU1598307137,4,"","","靈活策略","環球",""
U45631,"富達基金 - 環球收益基金A類別股份 (港元 C每月派息(G)-現金派息)","環球債券 - 靈活策略","環球債券 - 靈活策略","富達基金(香港)有限公司",N,Y,9.264,02-10-2026,港元,2,-0.64,-0.56,-2.29,-2.82,-0.29,0.48,0,0,0,8.99,30-09-2026,0.9,LU2788007412,,"","","靈活策略","環球",""
U44315,"鄧普頓環球總收益基金A類 (港元 每月分派-現金派息)","環球債券 - 靈活策略","環球債券 - 靈活策略","富蘭克林鄧普頓投資",N,N,5.02,02-10-2026,港元,4,4.52,-0.9,-2.43,0.81,4.49,6.72,-7.29,5.22,-4.63,7.95,30-09-2026,1.05,LU0476943708,2,"","","靈活策略","環球",""
U45791,"資本集團 - 全球高收益機會基金(盧森堡) BFDM類 (美元 每月分派-現金派息)","環球債券 - 靈活策略","環球債券 - 靈活策略","資本集團",N,Y,27.1236,02-10-2026,美元,4,-1.01,-0.83,-2.64,-2.62,-0.42,0.44,3.77,10.76,0.05,7.13,30-09-2026,1.3,LU1598307301,4,"","","靈活策略","環球",""
U43897,"鄧普頓環球債券基金A類 (歐元 每月分派-現金派息)","環球債券 - 靈活策略","環球債券 - 靈活策略","富蘭克林鄧普頓投資",N,N,9.37,02-10-2026,歐羅,4,6.36,0.33,0.33,1.38,5.01,6.27,-6.14,-1.15,2.12,6.27,30-09-2026,1.05,LU0152981543,2,"","","靈活策略","環球",""
U43932,"鄧普頓環球總收益基金A類 (美元 每月分派-現金派息)","環球債券 - 靈活策略","環球債券 - 靈活策略","富蘭克林鄧普頓投資",N,N,7.61,02-10-2026,美元,4,3.76,-0.89,-2.53,0.67,4.3,5.95,-6.88,5.25,-5.18,7.96,30-09-2026,1.05,LU0170475585,3,"","","靈活策略","環球",""
U44937,"富達基金 - 環球收益基金A類別股份 (美元 每月特色派息(G)-現金派息)","環球債券 - 靈活策略","環球債券 - 靈活策略","富達基金(香港)有限公司",N,N,7.546,02-10-2026,美元,2,-1.47,-0.6,-2.35,-2.88,-0.42,-0.37,6.26,8.57,0.05,6.52,30-09-2026,0.9,LU0882574568,4,"","","靈活策略","環球",""
U43933,"鄧普頓環球總收益基金A類 (歐元 累積)","環球債券 - 靈活策略","環球債券 - 靈活策略","富蘭克林鄧普頓投資",N,N,25.27,02-10-2026,歐羅,4,8.22,0.24,0.32,2.22,6.85,10.25,-0.76,1.96,1.87,0,30-09-2026,1.05,LU0260870661,3,"","","靈活策略","環球",""
U45632,"富達基金 - 環球收益基金A類別股份 (美元 C每月派息(G)-現金派息)","環球債券 - 靈活策略","環球債券 - 靈活策略","富達基金(香港)有限公司",N,Y,7.733,02-10-2026,美元,2,-1.47,-0.6,-2.34,-2.87,-0.42,-0.35,6.26,8.56,0.03,9.03,30-09-2026,0.9,LU2156566916,4,"","","靈活策略","環球",""
U44316,"富達基金 - 環球短期債劵基金A類別股份 (美元 每月派息股份-現金派息)","環球債券 - 靈活策略","環球債券 - 靈活策略","富達基金(香港)有限公司",N,N,6.831,02-10-2026,美元,2,0.88,-0.19,-1,-0.82,1.23,2.13,6.9,8.59,0.4,4.11,30-09-2026,0.75,LU0390710613,5,"","","靈活策略","環球",""
U43896,"鄧普頓環球債券基金A類 (美元 每月分派-現金派息)","環球債券 - 靈活策略","環球債券 - 靈活策略","富蘭克林鄧普頓投資",N,N,10.55,02-10-2026,美元,4,1.97,-0.77,-2.42,-0.1,2.54,2.25,-11.83,1.93,-4.87,6.47,30-09-2026,1.05,LU0029871042,2,"","","靈活策略","環球",""
U44078,"鄧普頓環球總收益基金A類 (歐元 每月分派-現金派息)","環球債券 - 靈活策略","環球債券 - 靈活策略","富蘭克林鄧普頓投資",N,N,6.75,02-10-2026,歐羅,4,8.21,0.22,0.22,2.15,6.73,10.13,-0.69,1.91,1.85,7.76,30-09-2026,1.05,LU0234926953,2,"","","靈活策略","環球",""
U45021,"PIMCO GIS 收益基金E類收息股份 (瑞士法郎對沖 每月收息-現金派息)","環球債券 - 靈活策略 - 瑞士法郎對沖","環球債券 - 靈活策略","PIMCO Asia Limited",N,N,5.61,02-10-2026,瑞士法郎,3,-6.59,-1.22,-3.92,-5.69,-5.15,-5.94,0.14,3.08,0.59,7.9,30-09-2026,1.45,IE00BJMZC096,3,"","","靈活策略","環球",""
U45636,"富達基金 - 環球收益基金A類別股份 (歐元對沖 C每月派息(G)-現金派息)","環球債券 - 靈活策略 - 歐元對沖","環球債券 - 靈活策略","富達基金(香港)有限公司",N,Y,8.814,02-10-2026,歐羅,3,-2.73,-0.63,-2.47,-3.21,-1.21,-2.13,0,0,0,9.11,30-09-2026,0.9,LU2934473229,,"","","靈活策略","環球",""
U50023,"PIMCO GIS 收益基金II E類收息股份 (歐元對沖 每月收息-現金派息)","環球債券 - 靈活策略 - 歐元對沖","環球債券 - 靈活策略","PIMCO Asia Limited",N,Y,7.3,02-10-2026,歐羅,3,-4.98,-0.96,-3.57,-5.06,-4.29,-4.12,1.64,5.03,0,6.69,30-09-2026,1.45,IE00BMD8KY88,3,"","","靈活策略","環球",""
U44461,"滙豐環球投資基金 - 環球高入息債券AM3H類 (歐元對沖 每月分派-現金派息)","環球債券 - 靈活策略 - 歐元對沖","環球債券 - 靈活策略","滙豐環球投資管理 (香港) 有限公司",N,N,6.848,02-10-2026,歐羅,3,-2.87,-0.64,-2.41,-3.55,-1.59,-2.27,3.47,5.9,-2.1,4.25,30-09-2026,1.25,LU0798789284,2,"","","靈活策略","環球",""
U44414,"鄧普頓環球總收益基金 A類 (歐元對沖 每月分派-現金派息)","環球債券 - 靈活策略 - 歐元對沖","環球債券 - 靈活策略","富蘭克林鄧普頓投資",N,N,3.87,02-10-2026,歐羅,4,2.24,-0.86,-2.6,0.18,3.22,3.83,-8.73,2.69,-6.16,7.98,30-09-2026,1.05,LU0366773504,1,"","","靈活策略","環球",""
U45842,"法巴 - 環球債券收息基金 經典 (歐元對沖 每月分派-現金派息)","環球債券 - 靈活策略 - 歐元對沖","環球債券 - 靈活策略","法國巴黎資產管理",N,Y,92.67,01-10-2026,歐羅,2,-3.32,-0.59,-2.69,-4.59,-2.23,-3.37,0,0,0,5.76,30-09-2026,0.9,LU2925038577,,"","","靈活策略","環球",""
U44883,"PIMCO GIS 收益基金E類收息股份 (歐元對沖 每月收息-現金派息)","環球債券 - 靈活策略 - 歐元對沖","環球債券 - 靈活策略","PIMCO Asia Limited",N,N,6.88,02-10-2026,歐羅,3,-4.93,-1.05,-3.67,-4.99,-4,-3.73,2.84,5.21,0.71,7.21,30-09-2026,1.45,IE00B8N0MW85,4,"","","靈活策略","環球",""
U44881,"PIMCO GIS 收益基金E類收息股份 (美元 每月收息-現金派息)","環球債券 - 靈活策略 - 美元對沖","環球債券 - 靈活策略","PIMCO Asia Limited",N,N,8.91,02-10-2026,美元,3,-3.61,-1,-3.45,-4.59,-3.18,-1.92,4.45,7.74,1.63,6.67,30-09-2026,1.45,IE00B8K7V925,4,"","","靈活策略","環球",""
U44882,"PIMCO GIS 收益基金E類收息股份 (港元 每月收息-現金派息）","環球債券 - 靈活策略 - 美元對沖","環球債券 - 靈活策略","PIMCO Asia Limited",N,N,8.43,02-10-2026,港元,3,-2.81,-0.99,-3.37,-4.43,-3.02,-0.97,4.01,7.72,2.25,6.63,30-09-2026,1.45,IE00B92ZW543,4,"","","靈活策略","環球",""
U44349,"滙豐環球投資基金 - 環球高入息債券AM2類 (港元 每月分派-現金派息) (每月投資計劃)","環球債券 - 靈活策略 - 美元對沖","環球債券 - 靈活策略","滙豐環球投資管理 (香港) 有限公司",N,Y,59.907,02-10-2026,港元,3,-1.23,-1.06,-2.7,-3.59,-1.12,-0.07,4.77,8.33,-0.61,6.17,30-09-2026,1.25,LU0524291456,2,"","","靈活策略","環球",""
U50021,"PIMCO GIS 收益基金II E類收息股份 (港元 每月收息-現金派息)","環球債券 - 靈活策略 - 美元對沖","環球債券 - 靈活策略","PIMCO Asia Limited",N,Y,8.26,02-10-2026,港元,2,-2.93,-1.03,-3.45,-4.8,-3.37,-1.61,2.92,7.47,0,6.33,30-09-2026,1.45,IE00BHR40Y78,3,"","","靈活策略","環球",""
U45369,"施羅德環球基金系列-環球收息債券 A類股份 (美元 每月收息單位-現金派息 MF)","環球債券 - 靈活策略 - 美元對沖","環球債券 - 靈活策略","施羅德投資管理(香港)有限公司",N,Y,81.7985,02-10-2026,美元,2,-1.77,-0.56,-2.1,-2.83,-0.9,-0.73,6.18,9.55,0.95,6.87,30-09-2026,1.1,LU1514167136,3,"","","靈活策略","環球",""
U45837,"法巴 - 環球債券收息基金 經典 (美元 累積)","環球債券 - 靈活策略 - 美元對沖","環球債券 - 靈活策略","法國巴黎資產管理",N,Y,107.07,01-10-2026,美元,2,-1.64,-0.08,-2.08,-3.71,-0.98,-1.19,0,0,0,0,30-09-2026,0.9,LU2925037926,,"","","靈活策略","環球",""
U44938,"富達基金 - 環球收益基金A類別股份 (港元對沖 每月特色派息(G)-現金派息)","環球債券 - 靈活策略 - 美元對沖","環球債券 - 靈活策略","富達基金(香港)有限公司",N,N,7.498,02-10-2026,港元,2,-2.52,-0.62,-2.44,-3.18,-1.15,-1.62,5.2,7.39,-0.05,6.69,30-09-2026,0.9,LU1481012216,2,"","","靈活策略","環球",""
U45330,"施羅德環球基金系列 - 環球收息債券A類股份 (港元 MF 每月收息單位)","環球債券 - 靈活策略 - 美元對沖","環球債券 - 靈活策略","施羅德投資管理(香港)有限公司",N,Y,662.9123,02-10-2026,港元,2,-0.96,-0.53,-2.05,-2.77,-0.78,0.11,5.55,9.75,1.54,6.84,30-09-2026,1.1,LU1514167649,3,"","","靈活策略","環球",""
U45839,"法巴 - 環球債券收息基金 經典 (美元 每月分派-現金派息)","環球債券 - 靈活策略 - 美元對沖","環球債券 - 靈活策略","法國巴黎資產管理",N,Y,94.78,01-10-2026,美元,2,-2.26,-0.7,-2.68,-4.3,-1.6,-1.79,0,0,0,7.47,30-09-2026,0.9,LU2925038148,,"","","靈活策略","環球",""
U44323,"滙豐環球投資基金 - 環球高入息債券AM2類 (港元 每月分派-現金派息)","環球債券 - 靈活策略 - 美元對沖","環球債券 - 靈活策略","滙豐環球投資管理 (香港) 有限公司",N,Y,59.907,02-10-2026,港元,3,-1.23,-1.06,-2.7,-3.59,-1.12,-0.07,4.77,8.33,-0.61,6.17,30-09-2026,1.25,LU0524291456,2,"","","靈活策略","環球",""
U44322,"滙豐環球投資基金 - 環球高入息債券AM2類 (美元 每月分派-現金派息)","環球債券 - 靈活策略 - 美元對沖","環球債券 - 靈活策略","滙豐環球投資管理 (香港) 有限公司",N,Y,7.634,02-10-2026,美元,3,-1.54,-0.61,-2.28,-3.16,-0.75,-0.4,5.31,8.28,-1.15,6.17,30-09-2026,1.25,LU0524291456,2,"","","靈活策略","環球",""
U50020,"PIMCO GIS 收益基金II E類收息股份 (美元 每月收息-現金派息)","環球債券 - 靈活策略 - 美元對沖","環球債券 - 靈活策略","PIMCO Asia Limited",N,Y,8.17,02-10-2026,美元,2,-3.78,-1.05,-3.49,-4.75,-3.44,-2.37,3.36,7.59,0,6.34,30-09-2026,1.45,IE00BHR40X61,3,"","","靈活策略","環球",""
U45675,"普徠仕(盧森堡)系列 – 多元收益債券基金A8P類 (港元 每月派息-現金派息)","環球債券 - 靈活策略 - 美元對沖","環球債券 - 靈活策略","普徠仕香港有限公司",N,Y,94.51,02-10-2026,港元,2,1.55,-0.38,-1.34,-1.4,1.15,2.43,0,0,0,8.37,30-09-2026,0.84,LU3047269389,,"","","靈活策略","環球",""
U44293,"PIMCO多元化入息基金E類收息股份 (美元 現金派息)","環球債券 - 靈活策略 - 美元對沖","環球債券 - 靈活策略","PIMCO Asia Limited",N,N,11.72,02-10-2026,美元,3,-1.72,-0.88,-2.67,-3.46,-1.07,-0.06,5.86,8.49,-0.95,5.12,30-09-2026,1.59,IE00B193MK07,2,"","","靈活策略","環球",""
U45838,"法巴 - 環球債券收息基金 經典 (港元 每月分派-現金派息)","環球債券 - 靈活策略 - 美元對沖","環球債券 - 靈活策略","法國巴黎資產管理",N,Y,94.44,01-10-2026,港元,2,-1.46,-0.66,-2.62,-4.28,-1.49,-0.99,0,0,0,7.5,30-09-2026,0.9,LU2925038064,,"","","靈活策略","環球",""
U45674,"普徠仕(盧森堡)系列 – 多元收益債券基金A8P類 (美元 每月派息-現金派息)","環球債券 - 靈活策略 - 美元對沖","環球債券 - 靈活策略","普徠仕香港有限公司",N,Y,9.36,02-10-2026,美元,2,0.77,-0.32,-1.32,-1.43,1.12,1.68,0,0,0,8.41,30-09-2026,0.84,LU3047269116,,"","","靈活策略","環球",""
U44416,"鄧普頓環球總收益基金 A類 (英鎊對沖 每月分派-現金派息)","環球債券 - 靈活策略 - 英鎊對沖","環球債券 - 靈活策略","富蘭克林鄧普頓投資",N,N,3.37,02-10-2026,英鎊,4,3.51,-0.79,-2.5,0.83,4.1,5.81,-7.45,4.21,-5.46,8.12,30-09-2026,1.05,LU0316493153,1,"","","靈活策略","環球",""
U45843,"法巴 - 環球債券收息基金 經典 (英鎊對沖 每月分派-現金派息)","環球債券 - 靈活策略 - 英鎊對沖","環球債券 - 靈活策略","法國巴黎資產管理",N,Y,92.81,01-10-2026,英鎊,2,-2.4,-0.72,-2.73,-4.42,-1.73,-1.95,0,0,0,7.63,30-09-2026,0.9,LU2925038650,,"","","靈活策略","環球",""
U44884,"PIMCO GIS 收益基金E類收息股份 (英鎊對沖 每月收息-現金派息)","環球債券 - 靈活策略 - 英鎊對沖","環球債券 - 靈活策略","PIMCO Asia Limited",N,N,7.38,02-10-2026,英鎊,3,-3.62,-0.94,-3.39,-4.49,-3.07,-1.86,4.16,6.71,1.38,6.75,30-09-2026,1.45,IE00BF01VX72,3,"","","靈活策略","環球",""
U50024,"PIMCO GIS 收益基金II E類收息股份 (英鎊對沖 每月收息-現金派息)","環球債券 - 靈活策略 - 英鎊對沖","環球債券 - 靈活策略","PIMCO Asia Limited",N,Y,7.96,02-10-2026,英鎊,3,-3.85,-1.09,-3.47,-4.79,-3.59,-2.54,3.08,6.56,0,6.38,30-09-2026,1.45,IE00BMD8KZ95,3,"","","靈活策略","環球",""
U45281,"FTGF布蘭迪環球增值入息基金 A 類英鎊(已對沖)精選派息(每月現金派息)","環球債券 - 靈活策略 - 英鎊對沖","環球債券 - 靈活策略","美盛資產管理香港有限公司",N,N,68.13,02-10-2026,英鎊,4,-0.47,-1.36,-2.71,-3.24,-0.69,1.11,1.18,6.34,0,9.57,30-09-2026,1.1,IE000G1ER031,2,"","","靈活策略","環球",""
U45637,"富達基金 - 環球收益基金A類別股份 (英鎊對沖 C每月派息(G)-現金派息)","環球債券 - 靈活策略 - 英鎊對沖","環球債券 - 靈活策略","富達基金(香港)有限公司",N,Y,0.91,02-10-2026,英鎊,3,-1.54,-0.7,-2.4,-2.87,-0.47,-0.44,0,0,0,8.98,30-09-2026,0.9,LU2934473575,,"","","靈活策略","環球",""
U45785,"普徠仕(盧森堡)系列 – 多元收益債券基金A8PN類 (英鎊對沖 每月派息-現金派息)","環球債券 - 靈活策略 - 英鎊對沖","環球債券 - 靈活策略","普徠仕香港有限公司",N,Y,9.44,02-10-2026,英鎊,2,0.61,-0.42,-1.4,-1.5,1.04,0,0,0,0,0,,0.84,LU3231915904,,"","","靈活策略","環球",""
U44154,"恒生中國內地債券基金A類單位 (港元 每月派息單位-現金派息)","人民幣債券 - 在岸","債券 - 在岸","恒生投資管理有限公司",Y,Y,20.37,30-09-2026,港元,3,6.04,-0.29,0.09,1.17,3.74,7.67,2.77,2.36,6.23,2.4,30-09-2026,1,HK0000284759,2,"","","綜合","中國",""
U45204,"晉達環球策略基金 - 全方位中國債券基金A(港元 收益-3股份 每月現金派息)","人民幣債券 - 在岸","債券 - 在岸","晉達資產管理香港有限公司",N,N,75.83,30-09-2026,港元,3,6.76,-0.17,0.24,2.52,4.99,6.13,5.07,-7.08,3.1,2.88,30-09-2026,1,LU1735825108,1,"","","綜合","中國",""
U44147,"恒生中國內地債券基金A類單位 (港元 累積收益單位)","人民幣債券 - 在岸","債券 - 在岸","恒生投資管理有限公司",N,N,35.25,30-09-2026,港元,3,6.05,-0.28,0.09,1.21,3.74,7.67,2.76,2.36,6.18,0,30-09-2026,1,HK0000284742,2,"","","綜合","中國",""
U45717,"路博邁 - 企業混合債券基金A類股份 (歐元 每月分派-現金派息)","歐元次級債券","次級債券","路博邁亞洲有限公司",N,Y,7.74,02-10-2026,歐羅,3,-2.13,-0.45,-2.08,-2.99,-1.03,-1.58,8.41,7.57,-0.05,5.78,30-09-2026,1.2,IE00BDHBH727,2,"","","企業","環球",""
U44896,"惠理價值基金 C單位 MDIS 類別 (港元 每月分派-現金派息)","大中華股票","大中華股票","惠理基金管理公司",N,N,11.88,30-09-2026,港元,4,15.87,-1.58,-1.82,-1.25,18.42,14.32,10.59,-5.27,-7.04,1.96,30-09-2026,1.25,HK0000360898,3,"","","","","綜合"
U44895,"惠理價值基金 C單位 MDIS 類別 (美元 每月分派-現金派息)","大中華股票","大中華股票","惠理基金管理公司",N,N,11.88,30-09-2026,美元,4,15.44,-1.57,-1.9,-1.25,18.67,13.8,11.18,-5.35,-7.74,1.98,30-09-2026,1.25,HK0000360880,3,"","","","","綜合"
U74290,"富達基金 - 大中華基金A類別股份 (美元 派息股份)","大中華股票","大中華股票","富達基金(香港)有限公司",N,N,337.8,02-10-2026,美元,4,8.53,-1.49,-1.77,2.95,10.91,3.23,10,-3.13,-5.47,0.18,30-09-2026,1.5,LU0048580855,3,"","","","","綜合"
U45644,"惠理價值基金 D單位 (港元  每月分派-現金派息)","大中華股票","大中華股票","惠理基金管理公司",Y,Y,13.62,30-09-2026,港元,4,17.07,-1.79,-2.14,-1.54,19.68,15.39,0,0,0,1.94,30-09-2026,1.5,HK0001047080,,"","","","","綜合"
U44613,"惠理中華新星基金 A類別 (美元)","大中華股票","大中華股票","惠理基金管理公司",N,N,17.59,30-09-2026,美元,5,18.21,-1.46,-1.79,-1.29,21.39,17.74,13.71,-6.32,-7.63,0,30-09-2026,1.5,KYG9317M1603,4,"","","","","綜合"
U44615,"惠理中華新星基金 A2 QDIS類別 (港元 每季分派-現金派息)","大中華股票","大中華股票","惠理基金管理公司",N,N,16.19,30-09-2026,港元,5,19.33,-1.88,-2,-1.22,21.63,18.9,13.02,-6.08,-6.65,1.12,30-09-2026,1.5,KYG9317M1116,4,"","","","","綜合"
U44614,"惠理中華新星基金 A類別 (港元)","大中華股票","大中華股票","惠理基金管理公司",N,N,107.91,30-09-2026,港元,5,19.32,-1.54,-1.63,-0.96,21.64,18.88,13.03,-6.12,-6.56,0,30-09-2026,1.5,KYG9317M1033,4,"","","","","綜合"
U39916,"JPM大中華(美元)A股(分派)","大中華股票","大中華股票","摩根資產管理",N,Y,75.93,02-10-2026,美元,4,14.47,-0.73,-1.34,-5.03,12.14,10.92,12.08,-10.18,-9.68,0.04,30-09-2026,1.5,LU0117841782,4,"","","","","綜合"
U42414,"景順大中華基金","大中華股票","大中華股票","景順投資管理有限公司",N,N,94.7,02-10-2026,美元,4,18.95,-1.89,0.78,3.81,19.89,14,13.63,-7.96,-18.32,0,30-09-2026,1.5,LU0048816135,4,"","","","","綜合"
U45645,"惠理價值基金 D單位 (美元 每月分派-現金派息)","大中華股票","大中華股票","惠理基金管理公司",Y,Y,13.48,30-09-2026,美元,4,16.2,-1.87,-2.3,-1.62,19.62,14.52,0,0,0,1.98,30-09-2026,1.5,HK0001047122,,"","","","","綜合"
U42885,"施羅德環球基金系列 - 大中華A類股份 (美元 累積單位)","大中華股票","大中華股票","施羅德投資管理(香港)有限公司",N,Y,106.2235,02-10-2026,美元,4,13.81,-0.83,-0.24,3.9,14.71,8,6.75,-9.23,-7.08,0,30-09-2026,1.5,LU0140636845,4,"","","","","綜合"
U44737,"惠理價值基金 C單位 (港元 累積單位) (每月投資計劃)","大中華股票","大中華股票","惠理基金管理公司",N,N,246.2655,30-09-2026,港元,4,15.55,-1.58,-1.84,-1.28,18.02,14.02,10.62,-5.3,-6.66,0,30-09-2026,1.25,HK0000264884,3,"","","","","綜合"
U44389,"惠理價值基金 C單位 (美元 累積單位)","大中華股票","大中華股票","惠理基金管理公司",N,N,31.39,30-09-2026,美元,4,14.65,-1.6,-1.94,-1.32,17.92,13.08,11.3,-5.47,-7.2,0,30-09-2026,1.25,HK0000264884,3,"","","","","綜合"
U44435,"惠理價值基金 C單位 (港元 累積單位)","大中華股票","大中華股票","惠理基金管理公司",N,N,246.2655,30-09-2026,港元,4,15.55,-1.58,-1.84,-1.28,18.02,14.02,10.62,-5.3,-6.66,0,30-09-2026,1.25,HK0000264884,3,"","","","","綜合"
U42348,"恒生太平洋指數基金A類單位 (美元)","亞太區不包括日本股票","亞太區不包括日本股票","恒生投資管理有限公司",Y,Y,87.02,30-09-2026,美元,4,48.5,-2.78,0.55,-0.75,38.39,62.9,5.35,12.31,5.77,0,30-09-2026,1,HK0000284783,4,"","","","","綜合"
U42360,"恒生太平洋指數基金A類單位 (美元) (每月投資計劃)","亞太區不包括日本股票","亞太區不包括日本股票","恒生投資管理有限公司",N,Y,87.02,30-09-2026,美元,4,48.5,-2.78,0.55,-0.75,38.39,62.9,5.35,12.31,5.77,0,30-09-2026,1,HK0000284783,4,"","","","","綜合"
U45420,"滙豐集合投資信託 - 滙豐蛻變亞洲股票基金AC類 (港元 累積)","亞太區不包括日本股票","亞太區不包括日本股票","滙豐環球投資管理 (香港) 有限公司",Y,Y,12.983,30-09-2026,港元,4,17.55,-2.63,0.24,-7.14,23.94,12.22,13.25,8.26,1.29,0,30-09-2026,1.5,HK0000656980,1,"","","","","綜合"
U24894,"摩根太平洋證券(美元)(累計)","亞太區股票","亞太區股票","摩根資產管理",N,N,713.6,30-09-2026,美元,4,17.7,-1.19,-1.47,-5.42,20.32,20.47,8.23,2.38,-0.74,0,30-09-2026,1.5,HK0000055746,3,"","","","","綜合"
U43248,"安聯東方入息基金A類收息股份 (美元)","亞太區股票","亞太區股票","安聯環球投資亞太有限公司",N,Y,336.68,02-10-2026,美元,4,31.88,1.24,5.82,4.24,18.35,33.29,0.77,12.95,9.2,1.04,30-09-2026,1.8,LU0348783233,4,"","","","","綜合"
U43644,"安聯東方入息基金AT類累積股份 (美元)","亞太區股票","亞太區股票","安聯環球投資亞太有限公司",N,Y,393.06,02-10-2026,美元,4,31.88,1.24,5.82,4.24,18.35,33.29,0.77,12.95,9.2,0,30-09-2026,1.8,LU0348784397,4,"","","","","綜合"
U27076,"富達基金 - 太平洋基金A類別股份 (美元 派息股份)","亞太區股票","亞太區股票","富達基金(香港)有限公司",N,N,64.26,02-10-2026,美元,4,21.73,0,-0.08,4.25,17.55,23.53,1.11,6.7,3.81,0.08,30-09-2026,1.5,LU0049112450,2,"","","","","綜合"
U33910,"安聯東方入息基金P類收息股份 (美元)","亞太區股票","亞太區股票","安聯環球投資亞太有限公司",N,N,368.48,02-10-2026,美元,4,32.72,1.25,5.9,4.46,18.85,34.42,1.64,13.9,10.13,1.02,30-09-2026,0.95,LU0348786921,4,"","","","","綜合"
U45721,"鄧普頓智選亞太股票入息基金 A類 (美元 每月分派-現金派息)","亞太區股票","亞太區股票","富蘭克林鄧普頓投資",Y,Y,15.62,02-10-2026,美元,4,31.51,-0.26,1.43,3.77,22.81,39.53,11.52,12.54,0,4.18,30-09-2026,1.5,HK0000740289,5,"","","","","綜合"
U45722,"鄧普頓智選亞太股票入息基金 A類 (港元 每月分派-現金派息)","亞太區股票","亞太區股票","富蘭克林鄧普頓投資",Y,Y,15.7,02-10-2026,港元,4,32.6,-0.25,1.56,3.83,22.87,40.48,10.94,12.65,0,4.15,30-09-2026,1.5,HK0000740297,5,"","","","","綜合"
U39849,"富達基金 - 澳洲多元化股票基金A類別股份 (澳元 派息股份)","澳洲及紐西蘭股票","澳洲及紐西蘭股票","富達基金(香港)有限公司",N,Y,98.16,02-10-2026,澳元,4,0.32,-0.04,-4.61,-0.43,3.1,-2.75,11.42,8.74,22.58,0.86,30-09-2026,1.5,LU0048574536,2,"","","","","綜合"
U40065,"霸菱澳洲基金A類別美元收益","澳洲及紐西蘭股票","澳洲及紐西蘭股票","霸菱資產管理(亞洲)有限公司",N,N,153.16,02-10-2026,美元,4,6.45,-1.46,-5.06,2.02,4.9,3.03,-0.83,11.12,11.16,1.08,30-09-2026,1.25,IE0000829451,1,"","","","","綜合"
U45137,"恒生中國股票基金A類單位 (美元)","中國股票","中國股票","恒生投資管理有限公司",Y,Y,7.15,30-09-2026,美元,4,-5.3,-1.38,-1.24,-0.14,3.17,-11.51,13.87,-16.75,-16.39,0,30-09-2026,1.5,HK0000682333,3,"","","","","綜合"
U44386,"滙豐投資信託基金 - 滙豐中國增長基金AC類 (港元)","中國股票","中國股票","滙豐環球投資管理 (香港) 有限公司",Y,Y,14.503,30-09-2026,港元,4,-6.41,-3.78,-7.04,-10.02,-0.33,-11.95,11.37,-13.97,-17.23,0,30-09-2026,1.5,HK0000349693,4,"","","","","綜合"
U43814,"滙豐環球投資基金 - 中國股票AD類 (美元) (每月投資計劃)","中國股票","中國股票","滙豐環球投資管理 (香港) 有限公司",N,N,106.674,02-10-2026,美元,4,-7.81,-2.68,-4.2,-5.08,-1.45,-16.97,15.04,-13.64,-20.77,0,30-09-2026,1.5,LU0039217434,3,"","","","","綜合"
U43315,"恒生中國指數基金A類單位 (港元 累積收益單位) (每月投資計劃)","中國股票","中國股票","恒生投資管理有限公司",N,N,48.94,30-09-2026,港元,4,-9.97,-0.99,-3.98,8.23,-2.06,-15.47,28.86,-14.11,-20.38,0,30-09-2026,1,HK0000284528,3,"","","","","綜合"
U43992,"滙豐投資信託基金 - 滙豐中國增長基金AC類 (美元)","中國股票","中國股票","滙豐環球投資管理 (香港) 有限公司",N,N,14.14,30-09-2026,美元,4,-7.14,-3.82,-7.13,-10.07,-0.43,-12.68,11.94,-14.03,-17.67,0,30-09-2026,1.5,HK0000349701,4,"","","","","綜合"
U44890,"瑞銀中國精選股票基金(P 港元 累計)","中國股票","中國股票","瑞銀資產管理（香港）有限公司",N,Y,1655.29,30-09-2026,港元,5,-12.11,-1.89,-4.72,-1.13,-4.35,-17.02,3.76,-15.01,-25.48,0,30-09-2026,1.87,LU1008478684,3,"","","","","綜合"
U45140,"霸菱香港中國基金A類別港元收益(每年-現金派息)","中國股票","中國股票","霸菱資產管理(亞洲)有限公司",N,N,9301.98,02-10-2026,港元,5,-8.78,-2.05,-4.43,-2.85,-5.2,-15.43,9.35,-17.26,-15.78,0.17,30-09-2026,1.25,IE00B4YN5X00,3,"","","","","綜合"
U42391,"霸菱香港中國基金A類別歐元收益","中國股票","中國股票","霸菱資產管理(亞洲)有限公司",N,N,1055.44,02-10-2026,歐羅,5,-5.38,-0.67,-1.62,-1.39,-2.98,-12.29,17.03,-20.43,-9.22,0.17,30-09-2026,1.25,IE0004866889,3,"","","","","綜合"
U43158,"富達基金 - 中國焦點基金A類別股份 (美元 派息股份)","中國股票","中國股票","富達基金(香港)有限公司",N,Y,64.54,02-10-2026,美元,4,-13.71,-1.3,-5.3,0.84,-9.5,-18.32,8.21,-6.45,-4.16,1,30-09-2026,1.5,LU0173614495,4,"","","","","綜合"
U43674,"恒生中國股票基金A類單位 (港元) (每月投資計劃)","中國股票","中國股票","恒生投資管理有限公司",N,Y,82.42,30-09-2026,港元,4,-4.62,-1.33,-1.2,-0.15,3.23,-10.81,13.07,-16.55,-15.96,0,30-09-2026,1.5,HK0000284486,4,"","","","","綜合"
U45484,"聯博 – 跨地域中國股票基金 A類股份 (美元 累積)","中國股票","中國股票","聯博香港有限公司",N,N,15.25,30-09-2026,美元,5,-3.85,-2.74,-4.39,-2.56,2.97,-8.41,17.15,-11.4,-15.63,0,30-09-2026,1.7,LU1808992512,4,"","","","","綜合"
U43672,"恒生中國股票基金A類單位 (港元)","中國股票","中國股票","恒生投資管理有限公司",Y,Y,82.42,30-09-2026,港元,4,-4.62,-1.33,-1.2,-0.15,3.23,-10.81,13.07,-16.55,-15.96,0,30-09-2026,1.5,HK0000284486,4,"","","","","綜合"
U43884,"鄧普頓中國基金A類 (美元 累積)","中國股票","中國股票","富蘭克林鄧普頓投資",N,N,22.46,30-09-2026,美元,4,-12.67,-2.48,-5.83,-4.67,-7.07,-16.75,11.65,-22.08,-22.25,0,30-09-2026,2.1,LU0052750758,1,"","","","","綜合"
U44984,"恒生中國新經濟指數基金A類單位 (港元 累積) (每月投資計劃)","中國股票","中國股票","恒生投資管理有限公司",N,Y,10.99,30-09-2026,港元,4,-11.08,-4.1,-6.86,-11.73,-1.79,-18.65,15.97,-10.45,-18.19,0,30-09-2026,1,HK0000457074,3,"","","","","綜合"
U43724,"施羅德環球基金系列 - 中國優勢A類股份 (美元 累積單位)","中國股票","中國股票","施羅德投資管理(香港)有限公司",N,Y,390.5111,02-10-2026,美元,5,-10.78,-2.28,-5.52,1.97,-4.92,-17.28,5.86,-17.4,-14.66,0,30-09-2026,1.5,LU0244354667,3,"","","","","綜合"
U43028,"恒生中國指數基金A類單位 (港元 累積收益單位)","中國股票","中國股票","恒生投資管理有限公司",Y,Y,48.94,30-09-2026,港元,4,-9.97,-0.99,-3.98,8.23,-2.06,-15.47,28.86,-14.11,-20.38,0,30-09-2026,1,HK0000284528,3,"","","","","綜合"
U43120,"恒生中國企業指數基金A類單位 (港元 累積)","中國股票","中國股票","恒生投資管理有限公司",Y,Y,39.03,02-10-2026,港元,4,-6.29,-0.52,-3.01,9.57,0.03,-12.5,29.76,-12.04,-21.83,0,30-09-2026,1,HK0000261104,3,"","","","","綜合"
U45672,"普徠仕(盧森堡)系列 – 中國新視野股票基金A 類 (港元 累積股份)","中國股票","中國股票","普徠仕香港有限公司",N,Y,105.95,30-09-2026,港元,4,23.77,-2.14,-4.45,-13.52,13.85,26.4,9.73,-15.95,0,0,30-09-2026,1.7,LU2351347211,4,"","","","","綜合"
U45274,"恒生中國新經濟指數基金A類單位 (美元 累積)","中國股票","中國股票","恒生投資管理有限公司",Y,Y,12.19,30-09-2026,美元,4,-11.73,-4.17,-6.95,-11.73,-1.85,-19.32,16.65,-10.46,0,0,30-09-2026,1,HK0000848009,3,"","","","","綜合"
U44620,"景順中國新世代基金（港元 累積）","中國股票","中國股票","景順投資管理有限公司",N,N,425.6,02-10-2026,港元,4,-11.51,-3.16,-5.1,-2.03,-6.55,-18.91,11.72,-18.26,-26.89,0,30-09-2026,1.75,LU1775965152,2,"","","","","綜合"
U40067,"霸菱香港中國基金A類別美元收益","中國股票","中國股票","霸菱資產管理(亞洲)有限公司",N,Y,1185.34,02-10-2026,美元,5,-9.51,-2.1,-4.48,-2.89,-5.32,-16.15,10,-17.45,-16.29,0.17,30-09-2026,1.25,IE0000829238,3,"","","","","綜合"
U43027,"恒生中國指數基金A類單位 (港元 派息單位-現金派息)","中國股票","中國股票","恒生投資管理有限公司",N,N,35.46,30-09-2026,港元,4,-9.98,-1.01,-3.98,8.21,-2.04,-15.47,28.92,-14.15,-20.37,0.85,30-09-2026,1,HK0000284536,3,"","","","","綜合"
U42409,"景順中國新世代基金","中國股票","中國股票","景順投資管理有限公司",N,N,53.77,02-10-2026,美元,4,-12.21,-3.19,-5.13,-2.08,-6.65,-19.59,12.38,-18.46,-27.31,0.04,30-09-2026,1.75,LU1775965582,2,"","","","","綜合"
U44383,"滙豐環球投資基金 - 中國股票AD類 (港元)","中國股票","中國股票","滙豐環球投資管理 (香港) 有限公司",N,Y,13.318,02-10-2026,港元,4,-7.06,-2.64,-4.14,-5.03,-1.32,-16.28,14.44,-13.59,-20.34,0,30-09-2026,1.5,LU0531971595,3,"","","","","綜合"
U44913,"摩根中國股票高息 (美元 每月分派-現金派息)","中國股票","中國股票","摩根資產管理",Y,Y,8.91,30-09-2026,美元,4,-6.41,-1.06,-3.72,2.89,-1.1,-8.06,12.65,-5.82,-1.6,8.85,30-09-2026,1.5,HK0000302353,,"","","","","綜合"
U44889,"瑞銀中國精選股票基金(P 港元 每月分派-現金派息)","中國股票","中國股票","瑞銀資產管理（香港）有限公司",N,Y,1381.71,30-09-2026,港元,5,-12.11,-1.89,-4.72,-1.13,-4.35,-17.02,3.76,-15.01,-25.48,2.25,30-09-2026,1.87,LU1152091754,3,"","","","","綜合"
U74431,"JPM中國(美元)A股(分派)","中國股票","中國股票","摩根資產管理",N,N,70.15,02-10-2026,美元,4,-8.77,-1.75,-4.68,-4.2,-2.83,-16.13,8.91,-23.36,-20.22,0.37,30-09-2026,1.5,LU0051755006,3,"","","","","綜合"
U44401,"滙豐投資信託基金 - 滙豐中國增長基金AC類 (港元) (每月投資計劃)","中國股票","中國股票","滙豐環球投資管理 (香港) 有限公司",N,N,14.503,30-09-2026,港元,4,-6.41,-3.78,-7.04,-10.02,-0.33,-11.95,11.37,-13.97,-17.23,0,30-09-2026,1.5,HK0000349693,4,"","","","","綜合"
U44962,"恒生中國新經濟指數基金A類單位 (港元 累積)","中國股票","中國股票","恒生投資管理有限公司",Y,Y,10.99,30-09-2026,港元,4,-11.08,-4.1,-6.86,-11.73,-1.79,-18.65,15.97,-10.45,-18.19,0,30-09-2026,1,HK0000457074,3,"","","","","綜合"
U44888,"瑞銀中國精選股票基金(P 美元 每月分派-現金派息)","中國股票","中國股票","瑞銀資產管理（香港）有限公司",N,Y,136.51,30-09-2026,美元,5,-12.8,-1.92,-4.81,-1.17,-4.44,-17.71,4.36,-15.14,-25.9,2.26,30-09-2026,1.87,LU1152091168,3,"","","","","綜合"
U44171,"貝萊德全球基金 - 中國基金A2類股份 (美元)","中國股票","中國股票","貝萊德資產管理北亞有限公司",N,N,18.94,02-10-2026,美元,5,-7.88,-0.79,-2.27,-6.65,-1.87,-15.9,15.69,-12.14,-14.97,0,30-09-2026,1.5,LU0359201612,3,"","","","","綜合"
U40095,"滙豐環球投資基金 - 中國股票AD類 (美元)","中國股票","中國股票","滙豐環球投資管理 (香港) 有限公司",N,Y,106.674,02-10-2026,美元,4,-7.81,-2.68,-4.2,-5.08,-1.45,-16.97,15.04,-13.64,-20.77,0,30-09-2026,1.5,LU0039217434,3,"","","","","綜合"
U43119,"恒生中國企業指數基金A類單位 (港元 派息單位-現金派息)","中國股票","中國股票","恒生投資管理有限公司",N,N,27.38,02-10-2026,港元,4,-6.3,-0.53,-3.01,9.57,0.04,-12.48,29.82,-12.04,-21.84,1.76,30-09-2026,1,HK0000261112,3,"","","","","綜合"
U44705,"首域盈信中國增長基金類別 I (美元 累積股份)","中國股票","中國股票","首源投資(香港)有限公司",N,Y,184.7202,02-10-2026,美元,4,-5.93,-1.49,-5.54,-4.9,-1.97,-9.72,3.43,-17.94,-6,0,30-09-2026,1.75,IE0008368742,3,"","","","","綜合"
U45671,"普徠仕(盧森堡)系列 – 中國新視野股票基金A 類 (美元 累積股份)","中國股票","中國股票","普徠仕香港有限公司",N,Y,13.56,30-09-2026,美元,4,22.83,-2.16,-4.57,-13.58,13.76,25.32,10.41,-16.19,2.85,0,30-09-2026,1.7,LU2187417386,4,"","","","","綜合"
U45395,"施羅德環球基金系列 - 中國優勢A類股份 (港元 累積單位)","中國股票","中國股票","施羅德投資管理(香港)有限公司",N,N,16.9662,02-10-2026,港元,5,-10.06,-2.25,-5.48,2.03,-4.81,-16.58,5.23,-17.24,-14.16,0,30-09-2026,1.5,LU0463099449,3,"","","","","綜合"
U43316,"恒生中國企業指數基金A類單位 (港元 累積) (每月投資計劃)","中國股票","中國股票","恒生投資管理有限公司",N,Y,39.03,02-10-2026,港元,4,-6.29,-0.52,-3.01,9.57,0.03,-12.5,29.76,-12.04,-21.83,0,30-09-2026,1,HK0000261104,3,"","","","","綜合"
U44373,"富達基金 - 中國消費動力基金A類別股份 (港元 累積)","中國股票","中國股票","富達基金(香港)有限公司",N,Y,12.83,02-10-2026,港元,5,-15.54,-2.21,-6.96,-3.17,-7.76,-24.26,-3.51,-16.19,-24.61,0,30-09-2026,1.5,LU0605514214,2,"","","","","綜合"
U44697,"惠理智者之選基金 - 中華匯聚基金A類別 (美元 累積單位)","中國股票","中國股票","惠理基金管理公司",N,N,201.65,30-09-2026,美元,5,-7.37,-1.12,-3.91,0.94,-1.73,-9.31,8.56,-12.14,-14.76,0,30-09-2026,1.25,KYG9317Q1047,4,"","","","","綜合"
U44914,"摩根中國股票高息 (港元 每月分派-現金派息)","中國股票","中國股票","摩根資產管理",Y,Y,9.01,30-09-2026,港元,4,-5.74,-1.04,-3.67,3,-1.04,-7.3,12.1,-5.77,-1.09,8.82,30-09-2026,1.5,HK0000302338,,"","","","","綜合"
U44372,"富達基金 - 中國消費動力基金A類別股份 (美元 累積)","中國股票","中國股票","富達基金(香港)有限公司",N,Y,13.85,02-10-2026,美元,5,-16.21,-2.26,-7.05,-3.21,-7.91,-24.93,-2.94,-16.27,-25.01,0,30-09-2026,1.5,LU0594300179,2,"","","","","綜合"
U74464,"安聯中國股票基金A類收息股份 (美元)","中國股票","中國股票","安聯環球投資亞太有限公司",N,N,62.7775,02-10-2026,美元,5,-6.75,-1.94,-3.86,-1.32,-2.45,-15.68,11.94,-18.71,-17.78,1.41,30-09-2026,2.25,LU0348825331,3,"","","","","綜合"
U44170,"貝萊德全球基金 - 中國基金A2類股份 (港元)","中國股票","中國股票","貝萊德資產管理北亞有限公司",N,N,19.42,02-10-2026,港元,5,-7.17,-0.72,-2.22,-6.63,-1.77,-15.23,14.89,-11.97,-14.51,0,30-09-2026,1.5,LU0359201885,3,"","","","","綜合"
U40053,"霸菱全球新興市場基金A類別(美元)收益","環球新興市場股票","環球新興市場股票","霸菱資產管理(亞洲)有限公司",N,N,70.65,02-10-2026,美元,4,26.27,-0.99,1.95,0.47,23.45,30.76,4.4,6.72,-7.48,0.07,30-09-2026,1.5,IE0000838304,3,"","","","",""
U42514,"景順開發中市場基金","環球新興市場股票","環球新興市場股票","景順投資管理有限公司",N,N,98.13,02-10-2026,美元,4,21.7,-1.67,-0.49,6.12,19.34,26.57,8.77,12.69,0.98,1.23,30-09-2026,1.4,LU1775952507,4,"","","","",""
U42435,"施羅德環球基金系列 - 新興市場A類股份 (美元 累積單位)","環球新興市場股票","環球新興市場股票","施羅德投資管理(香港)有限公司",N,N,30.0678,02-10-2026,美元,4,25.93,-0.24,1.3,-0.5,23.5,31.2,7.2,7.26,-5.55,0,30-09-2026,1.5,LU0106252389,3,"","","","",""
U44637,"JPM新興市場股息收益(港元)A股(每月派息-現金派息)","環球新興市場股票","環球新興市場股票","摩根資產管理",N,Y,13.42,02-10-2026,港元,4,27.45,-1.61,0.38,3.28,19.72,33.68,5.51,13.73,7.33,3.52,30-09-2026,1.5,LU0862451670,4,"","","","",""
U43780,"JPM全方位新興市場(美元)A股(分派)","環球新興市場股票","環球新興市場股票","摩根資產管理",N,N,65.99,02-10-2026,美元,4,24.93,-2.35,-1.36,-4.07,20.92,31.34,1.21,5.32,-9.9,0.02,30-09-2026,1.5,LU0053685615,3,"","","","",""
U44304,"滙豐環球投資基金 - 環球新興市場股票PC類 (美元)","環球新興市場股票","環球新興市場股票","滙豐環球投資管理 (香港) 有限公司",N,N,23.465,02-10-2026,美元,4,23.32,-1.7,-0.54,-0.7,20,28.99,7.53,5.3,-5.35,0,30-09-2026,1,LU0449515922,3,"","","","",""
U43883,"鄧普頓新興三國 (巴西、印度及中國)基金A類 (美元 累積)","環球新興市場股票","環球新興市場股票","富蘭克林鄧普頓投資",N,N,28,02-10-2026,美元,5,5.38,-0.43,-2,4.05,8.61,2.68,14.66,3.54,-5.02,0,30-09-2026,2.1,LU0229945570,3,"","","","",""
U43952,"鄧普頓新興三國 (巴西、印度及中國)基金A類 (歐元 累積)","環球新興市場股票","環球新興市場股票","富蘭克林鄧普頓投資",N,N,30.08,02-10-2026,歐羅,5,9.98,0.77,0.84,5.62,11.24,6.86,22.18,0.42,2.01,0,30-09-2026,2.1,LU0229946628,3,"","","","",""
U43792,"滙豐環球投資基金 - 環球新興市場股票AD類 (美元) (每月投資計劃)","環球新興市場股票","環球新興市場股票","滙豐環球投資管理 (香港) 有限公司",N,Y,28.187,02-10-2026,美元,4,22.85,-1.72,-0.58,-0.82,19.7,28.35,6.99,4.79,-5.82,0.02,30-09-2026,1.5,LU0054450605,3,"","","","",""
U39950,"貝萊德全球基金 - 新興市場基金A2類股份 (美元)","環球新興市場股票","環球新興市場股票","貝萊德資產管理北亞有限公司",N,N,58.14,02-10-2026,美元,4,23.78,-0.51,0.94,-2.79,23.07,27.72,-2.82,8.48,-3.06,0,30-09-2026,1.5,LU0047713382,2,"","","","",""
U31048,"富達基金 - 新興市場基金A類別股份 (美元 派息股份)","環球新興市場股票","環球新興市場股票","富達基金(香港)有限公司",N,Y,50.42,02-10-2026,美元,4,28.66,-1.68,-0.94,-1.39,21.97,34.85,4.45,7.19,0.1,0.05,30-09-2026,1.5,LU0048575426,3,"","","","",""
U45168,"百達 - 新興市場 - P 每月派息美元股份類別 (美元 每月派息-現金派息)","環球新興市場股票","環球新興市場股票","瑞士百達資產管理",N,N,833.58,02-10-2026,美元,4,19.75,-0.3,0.67,-0.54,15.96,22.65,5.87,10.06,-7.82,0.43,30-09-2026,1.4,LU2273158571,1,"","","","",""
U42582,"貝萊德全球基金 - 新興市場基金A2類股份 (歐元)","環球新興市場股票","環球新興市場股票","貝萊德資產管理北亞有限公司",N,N,51.57,02-10-2026,歐羅,4,28.76,0.6,3.89,-1.28,25.87,32.81,3.68,4.75,4.86,0,30-09-2026,1.5,LU0171275786,2,"","","","",""
U43881,"施羅德環球基金系列 - 新興市場優勢A類股份 (歐元 累積單位)","環球新興市場股票","環球新興市場股票","施羅德投資管理(香港)有限公司",N,N,40.6371,02-10-2026,歐羅,4,33.17,0.98,4.8,2.19,27.51,38.61,13.17,5.44,2.91,0,30-09-2026,1.5,LU0279459456,4,"","","","",""
U42344,"霸菱全球新興市場基金A類別(歐元)收益","環球新興市場股票","環球新興市場股票","霸菱資產管理(亞洲)有限公司",N,N,62.85,02-10-2026,歐羅,4,32.02,0.45,4.99,2.01,26.5,36.76,11.07,2.86,0.31,0.06,30-09-2026,1.5,IE0004850503,3,"","","","",""
U44084,"安聯全球新興市場高息股票基金AT類累積股份 (歐元)","環球新興市場股票","環球新興市場股票","安聯環球投資亞太有限公司",N,N,225.95,02-10-2026,歐羅,4,26.64,0.08,4.34,6.32,21.75,30.69,19.02,9.12,10.74,0,30-09-2026,2.25,LU0293313325,4,"","","","",""
U44083,"安聯全球新興市場高息股票基金AT類累積股份 (美元)","環球新興市場股票","環球新興市場股票","安聯環球投資亞太有限公司",N,N,14.7912,02-10-2026,美元,4,21.11,-1.16,1.44,4.77,18.86,25.16,12.43,13.14,2.32,0,30-09-2026,2.25,LU0293314216,4,"","","","",""
U42956,"霸菱全球新興市場基金A類別(英鎊)收益","環球新興市場股票","環球新興市場股票","霸菱資產管理(亞洲)有限公司",N,N,53.5,02-10-2026,英鎊,4,28.63,-0.72,4.07,1.42,23.25,33.44,6.09,0.81,-6.3,0.06,30-09-2026,1.5,IE0032149506,3,"","","","",""
U43887,"鄧普頓新興市場基金A類 (美元 累積)","環球新興市場股票","環球新興市場股票","富蘭克林鄧普頓投資",N,N,88.58,02-10-2026,美元,4,33.42,-0.01,0.99,4.67,26.42,40.11,5.91,12.15,-6.27,0,30-09-2026,1.65,LU0128522744,4,"","","","",""
U44636,"JPM新興市場股息收益(美元)A股(每月派息-現金派息)","環球新興市場股票","環球新興市場股票","摩根資產管理",N,Y,120.15,02-10-2026,美元,4,26.58,-1.69,0.33,3.18,19.63,32.76,6.1,13.35,6.82,3.53,30-09-2026,1.5,LU0862451837,4,"","","","",""
U43880,"施羅德環球基金系列 - 新興市場優勢A類股份 (美元 累積單位)","環球新興市場股票","環球新興市場股票","施羅德投資管理(香港)有限公司",N,N,35.4277,02-10-2026,美元,4,27.73,-0.26,1.92,0.51,24.6,33,6.43,9.2,-4.92,0,30-09-2026,1.5,LU0269904917,4,"","","","",""
U40100,"滙豐環球投資基金 - 環球新興市場股票AD類 (美元)","環球新興市場股票","環球新興市場股票","滙豐環球投資管理 (香港) 有限公司",N,N,28.187,02-10-2026,美元,4,22.85,-1.72,-0.58,-0.82,19.7,28.35,6.99,4.79,-5.82,0.02,30-09-2026,1.5,LU0054450605,3,"","","","",""
U43563,"聯博 - 新興市場增長基金A類股份 (美元)","環球新興市場股票","環球新興市場股票","聯博香港有限公司",N,N,75.95,02-10-2026,美元,4,31.38,-1.08,0.74,2.9,23,34.19,7.16,5.65,-8.79,0,30-09-2026,1.7,LU0040709171,3,"","","","",""
U44131,"鄧普頓新興三國 (巴西、印度及中國)基金A類股份 (美元 累積) (每月投資計劃)","環球新興市場股票","環球新興市場股票","富蘭克林鄧普頓投資",N,N,28,02-10-2026,美元,5,5.38,-0.43,-2,4.05,8.61,2.68,14.66,3.54,-5.02,0,30-09-2026,2.1,LU0229945570,3,"","","","",""
U42353,"恒生歐洲大陸指數基金A類單位 (美元)","歐洲不包括英國大型股票","歐洲不包括英國大型股票","恒生投資管理有限公司",Y,Y,33.6,30-09-2026,美元,3,4.87,-1.9,-6.01,-2.44,9.98,11.66,-0.25,21.31,14.14,0,30-09-2026,1,HK0000284551,3,"","","","","綜合"
U42357,"恒生歐洲大陸指數基金A類單位 (美元) (每月投資計劃)","歐洲不包括英國大型股票","歐洲不包括英國大型股票","恒生投資管理有限公司",N,Y,33.6,30-09-2026,美元,3,4.87,-1.9,-6.01,-2.44,9.98,11.66,-0.25,21.31,14.14,0,30-09-2026,1,HK0000284551,3,"","","","","綜合"
U33478,"霸菱歐洲增長基金A類別 (英鎊 收益)","歐洲不包括英國大型股票","歐洲不包括英國大型股票","霸菱資產管理(亞洲)有限公司",N,N,20.28,02-10-2026,英鎊,3,5.46,-2.5,-3.15,-2.39,7.06,8.83,-0.59,13.02,20.72,0.85,30-09-2026,1.5,GB0000804335,2,"","","","","綜合"
U43826,"貝萊德全球基金 - 歐陸靈活股票基金A2類股份 (歐元)","歐洲不包括英國大型股票","歐洲不包括英國大型股票","貝萊德資產管理北亞有限公司",N,N,52.33,02-10-2026,歐羅,4,7.61,-1.06,-0.21,-4.99,12.06,8.91,7.68,19.05,25.84,0,30-09-2026,1.5,LU0224105477,3,"","","","","綜合"
U44575,"霸菱歐洲精選基金A類別 (美元 累計)","歐洲不包括英國中小型股票","歐洲不包括英國中小型股票","霸菱資產管理(亞洲)有限公司",N,N,77.84,02-10-2026,美元,3,1.55,-2.6,-3.02,-0.6,4.88,6.6,-1.54,12.14,11.66,0.96,30-09-2026,1.5,GB00BF2H6H20,3,"","","","","中小型"
U39807,"霸菱歐洲精選基金A類別 (英鎊 收益)","歐洲不包括英國中小型股票","歐洲不包括英國中小型股票","霸菱資產管理(亞洲)有限公司",N,N,52.94,02-10-2026,英鎊,3,3.47,-2.34,-1.01,0.36,4.72,8.82,0.06,5.92,13.08,1.03,30-09-2026,1.5,GB0000796242,3,"","","","","中小型"
U43472,"霸菱歐洲精選基金A類別 (歐元 收益)","歐洲不包括英國中小型股票","歐洲不包括英國中小型股票","霸菱資產管理(亞洲)有限公司",N,N,62.22,02-10-2026,歐羅,3,6.21,-1.19,-0.11,0.95,7.5,11.54,4.76,8.08,21.05,1.04,30-09-2026,1.5,GB0030655780,3,"","","","","中小型"
U22331,"景順歐洲大陸小型企業基金A類股份 (美元 每年派息)","歐洲不包括英國中小型股票","歐洲不包括英國中小型股票","景順投資管理有限公司",N,N,422.97,02-10-2026,美元,3,-5.3,-2.03,-3.19,-2.67,6.33,-6.56,7.85,12.87,14.88,0,30-09-2026,2,LU1775961243,3,"","","","","中小型"
U45789,"JPM歐洲增值股票基金 A (PERF) (歐元累計)","歐洲大型均衡型股票","歐洲大型均衡型股票","摩根資產管理",N,Y,38.56,02-10-2026,歐羅,3,9.89,-1.53,-1.78,-2.38,7.86,16.6,17.24,13.68,33.35,0,30-09-2026,1.5,LU0289089384,5,"","","","","大型"
U44677,"晉達環球策略基金 - 歐洲股票基金A類別 (美元 累積股份)","歐洲大型均衡型股票","歐洲大型均衡型股票","晉達資產管理香港有限公司",N,N,44.56,02-10-2026,美元,3,3.01,-2.43,-3.4,-5.51,4.06,5.64,6.04,17.04,11.72,0,30-09-2026,1.5,LU0345777147,3,"","","","","大型"
U42302,"霸菱歐洲基金A類別歐元收益","歐洲大型均衡型股票","歐洲大型均衡型股票","霸菱資產管理(亞洲)有限公司",N,N,66.68,02-10-2026,歐羅,3,6.23,-1.56,-2.43,-1.52,7.52,9.71,1.71,12.9,27.18,0.97,30-09-2026,1.25,IE0004866772,2,"","","","","大型"
U66142,"JPM歐洲(美元)A股(分派)","歐洲大型均衡型股票","歐洲大型均衡型股票","摩根資產管理",N,N,80.28,02-10-2026,美元,3,4.55,-2.44,-4.32,-3.85,4.66,9.68,1.17,20.03,19.16,1.99,30-09-2026,1,LU0117904960,4,"","","","","大型"
U43576,"聯博 - 歐洲股票基金A類股份 (美元 累積)","歐洲大型均衡型股票","歐洲大型均衡型股票","聯博香港有限公司",N,N,30.59,02-10-2026,美元,3,1.43,-3.13,-5.88,-5.53,0.82,6.33,-5.41,17.59,12.53,0,30-09-2026,1.5,LU0232465038,3,"","","","","大型"
U39817,"霸菱歐洲基金A類別美元收益","歐洲大型均衡型股票","歐洲大型均衡型股票","霸菱資產管理(亞洲)有限公司",N,N,74.92,02-10-2026,美元,3,1.62,-2.97,-5.25,-3.02,4.94,4.88,-4.41,17.16,17.28,1,30-09-2026,1.25,IE0000829121,2,"","","","","大型"
U42950,"景順環球可持續系統分析股票基金A類股份 (歐元 累積)","歐洲大型均衡型股票","歐洲大型均衡型股票","景順投資管理有限公司",N,N,31.12,02-10-2026,歐羅,3,6.21,-1.83,-2.02,-2.35,5.96,9.69,11.53,12.74,22.23,0,30-09-2026,1.3,LU0119750205,3,"","","","","大型"
U45391,"施羅德環球基金系列-歐洲可持續發展股票 A類股份 (歐元 累積單位)","歐洲大型均衡型股票","歐洲大型均衡型股票","施羅德投資管理(香港)有限公司",N,N,176.8718,02-10-2026,歐羅,3,6.04,-0.36,-0.34,-1.18,9.13,10.54,3.98,8.79,21.86,0,30-09-2026,1.25,LU1910162970,2,"","","","","大型"
U43584,"聯博 - 歐洲股票基金A類股份 (歐元 累積)","歐洲大型均衡型股票","歐洲大型均衡型股票","聯博香港有限公司",N,N,27.17,02-10-2026,歐羅,3,5.84,-1.95,-3.14,-4.09,3.27,10.67,0.83,14.07,20.71,0,30-09-2026,1.5,LU0124675678,3,"","","","","大型"
U42276,"富達基金 - 歐洲增長基金A類別股份 (歐元 派息股份)","歐洲大型均衡型股票","歐洲大型均衡型股票","富達基金(香港)有限公司",N,Y,21.86,02-10-2026,歐羅,3,1.98,-1.13,-2.15,-2.2,3.99,4.68,15.73,15.29,20.3,1.41,30-09-2026,1.5,LU0048578792,2,"","","","","大型"
U42306,"富達基金－歐洲股票ESG基金 - A類別股份 - 歐元","歐洲大型均衡型股票","歐洲大型均衡型股票","富達基金(香港)有限公司",N,N,34.12,02-10-2026,歐羅,3,12.93,-0.64,-1.04,-2.49,14.05,14.12,9.34,12.27,16.14,0.92,30-09-2026,1.5,LU0088814487,3,"","","","","大型"
U44960,"鄧普頓歐洲遠見基金A類 (美元 累積)","歐洲大型均衡型股票","歐洲大型均衡型股票","富蘭克林鄧普頓投資",N,N,15.22,02-10-2026,美元,3,3.75,-2.06,-5.35,-3.91,4.46,7.18,7.57,23.51,0.95,0,30-09-2026,1.5,LU1863844665,4,"","","","","大型"
U44748,"JPM歐洲動力(歐元)A股(分派)","歐洲大型均衡型股票","歐洲大型均衡型股票","摩根資產管理",N,N,35.58,02-10-2026,歐羅,3,8.47,-0.95,-0.7,-2.43,7.88,14.54,9.92,12.9,25.62,0.67,30-09-2026,1.5,LU0119062650,4,"","","","","大型"
U43993,"富達基金 - 歐洲動力增長基金A類別股份 (歐元 派息股份)","歐洲大型增長型股票","歐洲大型增長型股票","富達基金(香港)有限公司",N,N,80.43,02-10-2026,歐羅,3,3.64,0.24,-0.68,-3.85,11.86,1.67,1.66,15.11,17.02,0.08,30-09-2026,1.5,LU0119124781,3,"","","","","大型增長"
U42296,"貝萊德全球基金 - 歐洲基金A2類股份 (歐元)","歐洲大型增長型股票","歐洲大型增長型股票","貝萊德資產管理北亞有限公司",N,N,213.05,02-10-2026,歐羅,4,8.04,-0.42,0.14,-3.44,12.8,7.52,6.96,17.71,28.95,0,30-09-2026,1.5,LU0011846440,4,"","","","","大型增長"
U42948,"貝萊德全球基金  - 歐洲特別時機基金A2類股份 (歐元 累積)","歐洲大型增長型股票","歐洲大型增長型股票","貝萊德資產管理北亞有限公司",N,N,63.79,02-10-2026,歐羅,4,5.67,-1.3,-1.48,-5.93,9.04,0.49,6.14,16.98,25.68,0,30-09-2026,1.5,LU0154234636,3,"","","","","大型增長"
U43335,"貝萊德全球基金  - 歐洲特別時機基金A2類股份 (美元 累積)","歐洲大型增長型股票","歐洲大型增長型股票","貝萊德資產管理北亞有限公司",N,N,71.92,02-10-2026,美元,3,1.58,-2.39,-4.27,-7.37,6.63,-3.36,-0.51,21.12,16.21,0,30-09-2026,1.5,LU0171276677,3,"","","","","大型增長"
U39952,"貝萊德全球基金 - 歐洲基金A2類股份 (美元)","歐洲大型增長型股票","歐洲大型增長型股票","貝萊德資產管理北亞有限公司",N,N,240.2,02-10-2026,美元,3,3.85,-1.53,-2.7,-4.92,10.29,3.41,0.25,21.9,19.22,0,30-09-2026,1.5,LU0171280430,4,"","","","","大型增長"
U43921,"富蘭克林互惠歐洲基金A類 (美元 累積)","歐洲大型價值型股票","歐洲大型價值型股票","富蘭克林鄧普頓投資",N,N,48.22,02-10-2026,美元,3,2.77,-3.89,-6.79,-2.17,3.32,8.63,2.81,16.41,10.6,0,30-09-2026,1.5,LU0109981661,3,"","","","","大型價值"
U45464,"INVESCO PAN EUROPEAN FOCUS EQUITY A (EUR AN DIS)","歐洲大型價值型股票","歐洲大型價值型股票","景順投資管理有限公司",N,N,33.31,02-10-2026,歐羅,3,11.31,-1.62,-1.68,-3.98,10.41,16.68,-2.23,14.68,28.6,0.87,30-09-2026,1.5,LU0717747678,2,"","","","","大型價值"
U42312,"景順泛歐洲基金A類股份 (歐元 累積單位)","歐洲大型價值型股票","歐洲大型價值型股票","景順投資管理有限公司",N,N,35.93,02-10-2026,歐羅,3,14.06,-1.72,-1.7,-0.86,12.18,20.37,-1.86,16.26,24.84,0,30-09-2026,1.5,LU0028118809,3,"","","","","大型價值"
U43846,"景順泛歐洲基金A類股份 (歐元 每年派息)","歐洲大型價值型股票","歐洲大型價值型股票","景順投資管理有限公司",N,N,27.67,02-10-2026,歐羅,3,14.04,-1.71,-1.67,-0.86,12.16,20.37,-1.83,16.19,24.84,1.07,30-09-2026,1.5,LU0267985231,3,"","","","","大型價值"
U43922,"富蘭克林互惠歐洲基金A類 (歐元 累積)","歐洲大型價值型股票","歐洲大型價值型股票","富蘭克林鄧普頓投資",N,N,42.91,02-10-2026,歐羅,3,7.46,-2.54,-3.9,-0.51,6.03,13.25,9.55,12.92,18.77,0,30-09-2026,1.5,LU0140363002,3,"","","","","大型價值"
U42923,"貝萊德全球基金 - 歐洲價值型基金A2類股份 (美元)","歐洲大型價值型股票","歐洲大型價值型股票","貝萊德資產管理北亞有限公司",N,N,150.4,02-10-2026,美元,3,0.69,-4,-6.39,-5.69,3.96,6.86,5.05,18,12.3,0,30-09-2026,1.5,LU0171281750,3,"","","","","大型價值"
U42922,"貝萊德全球基金 - 歐洲價值型基金A2類股份 (英鎊)","歐洲大型價值型股票","歐洲大型價值型股票","貝萊德資產管理北亞有限公司",N,N,113.57,02-10-2026,英鎊,3,2.12,-3.93,-4.51,-4.76,3.76,8.37,6.77,11.92,13.51,0,30-09-2026,1.5,LU0171282212,3,"","","","","大型價值"
U43793,"滙豐環球投資基金 - 歐洲價值PD類 (歐元) (每月投資計劃)","歐洲大型價值型股票","歐洲大型價值型股票","滙豐環球投資管理 (香港) 有限公司",N,N,58.851,02-10-2026,歐羅,3,8.66,-2.4,-3.66,-1.97,7.84,15.27,1.48,18.21,16.13,1.55,30-09-2026,1,LU0047473722,2,"","","","","大型價值"
U42561,"滙豐環球投資基金 - 歐洲價值PD類 (歐元)","歐洲大型價值型股票","歐洲大型價值型股票","滙豐環球投資管理 (香港) 有限公司",N,N,58.851,02-10-2026,歐羅,3,8.66,-2.4,-3.66,-1.97,7.84,15.27,1.48,18.21,16.13,1.55,30-09-2026,1,LU0047473722,2,"","","","","大型價值"
U42384,"景順全歐洲小型企業基金","歐洲小型股票","歐洲小型股票","景順投資管理有限公司",N,N,41.14,02-10-2026,歐羅,3,7.11,-0.02,1.21,1.03,14.4,7.72,11.36,8.61,24.61,0,30-09-2026,1.5,LU0028119013,4,"","","","","小型"
U44753,"JPM歐洲小型企業(歐元)A股(分派)","歐洲小型股票","歐洲小型股票","摩根資產管理",N,N,118.76,02-10-2026,歐羅,3,8.49,-0.59,-0.74,-2.05,9.51,12.61,9.26,8.91,29.25,0.71,30-09-2026,1.5,LU0053687074,4,"","","","","小型"
U42417,"施羅德環球基金系列 - 歐洲小型公司A類股份 (歐元 累積單位)","歐洲小型股票","歐洲小型股票","施羅德投資管理(香港)有限公司",N,N,47.3201,02-10-2026,歐羅,4,11.48,0.35,1.48,1.28,16.94,9.83,3.82,7.23,8.69,0,30-09-2026,1.5,LU0106237406,2,"","","","","小型"
U42319,"富達基金 - 歐洲小型公司基金A類別股份 (歐元 派息股份)","歐洲小型股票","歐洲小型股票","富達基金(香港)有限公司",N,N,75.12,02-10-2026,歐羅,3,4.6,0.49,-1.17,2.89,14.6,5.24,3.48,8.34,23.96,0.65,30-09-2026,1.5,LU0061175625,3,"","","","","小型"
U42305,"富達基金 - 歐盟50指數基金 - A類別股份 - 歐元","歐元區大型股票","區大型股票","富達基金(香港)有限公司",N,N,19.48,02-10-2026,歐羅,3,9.52,-1.07,-1.72,-2.14,10.8,12.68,11.87,22.75,24.16,2.39,30-09-2026,0.2,LU0069450319,4,"","","","","綜合"
U45239,"富達基金 - 可持續發展歐元區股票基金A類別股份 (歐元 派息股份)","歐元區大型股票","區大型股票","富達基金(香港)有限公司",N,N,14.18,02-10-2026,歐羅,4,5.76,-0.35,-0.7,-1.67,8.08,6.15,2.53,18.21,0,0.61,30-09-2026,1.5,LU2219351876,2,"","","","","綜合"
U85712,"JPM歐元區股票(美元)A股(分派)","歐元區大型股票","區大型股票","摩根資產管理",N,N,19.47,02-10-2026,美元,3,5.28,-2.55,-3.7,-4.59,7.82,10.18,3.68,22.01,15.51,0.86,30-09-2026,1.5,LU0117904457,4,"","","","","綜合"
U42300,"貝萊德全球基金 - 歐元市場基金A2類股份 (歐元)","歐元區大型股票","區大型股票","貝萊德資產管理北亞有限公司",N,N,56.34,02-10-2026,歐羅,4,9.31,-0.39,1.08,-2.46,14.49,8.43,13.25,15.28,27.23,0,30-09-2026,1.5,LU0093502762,3,"","","","","綜合"
U44905,"JPM歐元區股票(歐元)A股(分派)","歐元區大型股票","區大型股票","摩根資產管理",N,N,97.72,02-10-2026,歐羅,3,9.53,-1.46,-0.92,-3.14,10.25,14.6,10.74,17.92,25.44,0.88,30-09-2026,1.5,LU0089640097,4,"","","","","綜合"
U42336,"施羅德環球基金系列 - 歐元股票A類股份 (歐元 累積單位)","歐元區大型股票","區大型股票","施羅德投資管理(香港)有限公司",N,N,62.2313,02-10-2026,歐羅,4,8.82,-0.04,0.44,-2.21,10.48,10.2,12.3,5.47,21.34,0,30-09-2026,1.5,LU0106235293,2,"","","","","綜合"
U43524,"滙豐環球投資基金 - 歐元區價值AD類 (歐元)","歐元區大型股票","區大型股票","滙豐環球投資管理 (香港) 有限公司",N,N,66.556,02-10-2026,歐羅,3,8.6,-2.76,-3.71,-3.51,6.7,14.99,9.31,18.91,22.51,1.28,30-09-2026,1.5,LU0165074740,4,"","","","","綜合"
U43786,"滙豐環球投資基金 - 歐元區價值AD類 (歐元) (每月投資計劃)","歐元區大型股票","區大型股票","滙豐環球投資管理 (香港) 有限公司",N,N,66.556,02-10-2026,歐羅,3,8.6,-2.76,-3.71,-3.51,6.7,14.99,9.31,18.91,22.51,1.28,30-09-2026,1.5,LU0165074740,4,"","","","","綜合"
U45625,"恒生高息股30指數ETF非上市A類單位(美元 每月派息單位-現金派息)","香港股票","香港股票","恒生投資管理有限公司",Y,Y,13.9061,30-09-2026,美元,3,1.46,1.6,-1.28,6.03,-3.52,8.81,0,0,0,7.82,30-09-2026,1,HK0001121117,,"","","","","綜合"
U45624,"恒生高息股30指數ETF非上市A類單位(港元 每月派息單位-現金派息)","香港股票","香港股票","恒生投資管理有限公司",Y,Y,14.0477,30-09-2026,港元,3,2.26,1.62,-1.18,6.07,-3.44,9.72,0,0,0,7.78,30-09-2026,1,HK0001121109,,"","","","","綜合"
U44344,"恒生可持續發展企業指數基金A類單位 (港元) (每月投資計劃)","香港股票","香港股票","恒生投資管理有限公司",N,Y,19.57,30-09-2026,港元,4,14.78,-1.21,-2.73,4.04,12.08,14.38,7.37,-5.16,2.83,0,30-09-2026,1,HK0000284569,5,"","","","","綜合"
U44343,"恒生可持續發展企業指數基金A類單位 (港元)","香港股票","香港股票","恒生投資管理有限公司",Y,Y,19.57,30-09-2026,港元,4,14.78,-1.21,-2.73,4.04,12.08,14.38,7.37,-5.16,2.83,0,30-09-2026,1,HK0000284569,5,"","","","","綜合"
U45690,"恒生指數基金A類單位 (美元累積收益單位)","香港股票","香港股票","恒生投資管理有限公司",Y,Y,10.4161,30-09-2026,美元,4,-3.16,-0.93,-3.49,8.19,0.83,-7.51,0,0,0,0,30-09-2026,1,HK0001164133,,"","","","","綜合"
U65532,"安聯香港股票基金A類收息股份 (美元)","香港股票","香港股票","安聯環球投資亞太有限公司",N,N,255.3951,02-10-2026,美元,4,-5.29,-2.38,-4.38,0.98,-2.66,-12.72,15.37,-19.39,-13.94,3.88,30-09-2026,2.05,LU0348735423,3,"","","","","綜合"
U45324,"恒生指數追蹤基金 (港元)","香港股票","香港股票","恒生投資管理有限公司",N,N,26.4182,30-09-2026,港元,4,-1.62,-0.89,-3.32,8.51,1.44,-5.73,22.51,-10.63,-12.05,0,30-09-2026,0.045,HK2833027330,4,"","","","","綜合"
U42874,"恒生中型股指數基金A類單位 (港元 累積收益單位)","香港股票","香港股票","恒生投資管理有限公司",Y,Y,43.13,30-09-2026,港元,4,-8.91,-1.24,-3.75,-0.83,-3.64,-15.84,14.21,-13.41,-10.94,0,30-09-2026,1,HK0000284767,2,"","","","","綜合"
U42281,"恒生指數基金A類單位 (港元 派息單位) (每月投資計劃)","香港股票","香港股票","恒生投資管理有限公司",N,Y,28.85,02-10-2026,港元,4,-2.37,-0.9,-3.39,8.26,0.92,-6.7,21.21,-11.69,-13.02,2.16,30-09-2026,1,HK0000261120,3,"","","","","綜合"
U43810,"滙豐環球投資基金 - 香港股票PD類 (美元) (每月投資計劃)","香港股票","香港股票","滙豐環球投資管理 (香港) 有限公司",N,N,130.425,02-10-2026,美元,4,-3.61,-2.68,-3.85,-0.12,-0.85,-11.45,16.28,-16.11,-17.01,1.25,30-09-2026,1,LU0011817854,3,"","","","","綜合"
U42272,"恒生指數基金A類單位 (港元 派息單位)","香港股票","香港股票","恒生投資管理有限公司",Y,Y,28.85,02-10-2026,港元,4,-2.37,-0.9,-3.39,8.26,0.92,-6.7,21.21,-11.69,-13.02,2.16,30-09-2026,1,HK0000261120,3,"","","","","綜合"
U40098,"滙豐環球投資基金 - 香港股票PD類 (美元)","香港股票","香港股票","滙豐環球投資管理 (香港) 有限公司",N,N,130.425,02-10-2026,美元,4,-3.61,-2.68,-3.85,-0.12,-0.85,-11.45,16.28,-16.11,-17.01,1.25,30-09-2026,1,LU0011817854,3,"","","","","綜合"
U43314,"恒生中型股指數基金A類單位 (港元 累積收益單位) (每月投資計劃)","香港股票","香港股票","恒生投資管理有限公司",N,Y,43.13,30-09-2026,港元,4,-8.91,-1.24,-3.75,-0.83,-3.64,-15.84,14.21,-13.41,-10.94,0,30-09-2026,1,HK0000284767,2,"","","","","綜合"
U44886,"安聯香港股票基金A類收息股份 (港元 每年派息-現金派息)","香港股票","香港股票","安聯環球投資亞太有限公司",N,N,11.632,02-10-2026,港元,4,-4.52,-2.33,-4.33,1.02,-2.54,-11.97,14.69,-19.24,-13.38,0.49,30-09-2026,2.05,LU0540923850,3,"","","","","綜合"
U42873,"恒生中型股指數基金A類單位 (港元 派息單位-現金派息)","香港股票","香港股票","恒生投資管理有限公司",N,N,29.45,30-09-2026,港元,4,-8.91,-1.21,-3.73,-0.81,-3.63,-15.82,14.21,-13.39,-10.95,1.12,30-09-2026,1,HK0000284775,2,"","","","","綜合"
U42888,"施羅德環球基金系列 - 香港股票A類股份 (港元 累積單位)","香港股票","香港股票","施羅德投資管理(香港)有限公司",N,Y,444.264,02-10-2026,港元,4,-8.17,-2.64,-5.05,-0.85,-2.78,-12.99,5.11,-14.99,-11.07,0,30-09-2026,1.5,LU0149534421,3,"","","","","綜合"
U43466,"富達基金 - 印度焦點基金A類別股份 (美元 派息股份)","印度股票","印度股票","富達基金(香港)有限公司",N,Y,71.18,02-10-2026,美元,4,-14.22,-2.51,-6.93,-4.34,2.52,-12.73,11.94,18.51,25.11,0,30-09-2026,1.5,LU0197229882,4,"","","","","綜合"
U43981,"施羅德環球基金系列 - 印度股票A類股份 (美元 累積單位)","印度股票","印度股票","施羅德投資管理(香港)有限公司",N,N,291.925,01-10-2026,美元,4,-15.3,-2.53,-6.88,-5.39,-0.12,-13.68,16.12,20.51,21.98,0,30-09-2026,1.5,LU0264410563,3,"","","","","綜合"
U44055,"聯博 - 印度增長基金AX類股份 (美元)","印度股票","印度股票","聯博香港有限公司",N,N,187.28,01-10-2026,美元,5,-15.86,-4,-8.65,-6.78,1.42,-13.16,10.61,23.53,20.05,0,30-09-2026,1.55,LU0047987325,2,"","","","","綜合"
U43845,"景順印度股票基金(分派)","印度股票","印度股票","景順投資管理有限公司",N,N,106.76,02-10-2026,美元,4,-10.78,-3.81,-6.04,-3.84,7.23,-10.29,24.58,27.55,22.96,0,30-09-2026,1.5,LU0267983889,3,"","","","","綜合"
U45473,"高盛印度股票投資組合 (基準貨幣類股份 美元 累積)","印度股票","印度股票","高盛資產管理（香港）有限公司",N,Y,35.77,01-10-2026,美元,4,-10.42,-2.56,-7.19,-2.59,6.81,-9.44,20.02,24.94,34.16,0,30-09-2026,1.75,LU0333810181,4,"","","","","綜合"
U43783,"滙豐環球投資基金 - 印度股票AD類 (美元) (每月投資計劃)","印度股票","印度股票","滙豐環球投資管理 (香港) 有限公司",N,N,270.628,01-10-2026,美元,4,-15.56,-3.02,-7.19,-5.62,0.19,-12.43,13.04,20.28,28.12,0,30-09-2026,1.5,LU0066902890,3,"","","","","綜合"
U45505,"富蘭克林印度基金A類 (港元 累積)","印度股票","印度股票","富蘭克林鄧普頓投資",N,Y,26.42,02-10-2026,港元,4,-15.1,-3.33,-7.3,-4.55,3.12,-14.25,14.17,26.95,26.17,0,30-09-2026,1.5,LU0708995666,3,"","","","","綜合"
U43919,"富蘭克林印度基金A類 (美元 累積)","印度股票","印度股票","富蘭克林鄧普頓投資",N,Y,56.92,02-10-2026,美元,4,-15.77,-3.36,-7.34,-4.59,3.04,-14.93,14.77,26.87,25.55,0,30-09-2026,1.5,LU0231203729,3,"","","","","綜合"
U44212,"聯博 - 印度增長基金A類股份 (美元)","印度股票","印度股票","聯博香港有限公司",N,N,206.35,01-10-2026,美元,5,-15.98,-4.01,-8.67,-6.83,1.32,-13.34,10.39,23.28,19.8,0,30-09-2026,1.75,LU0430678424,2,"","","","","綜合"
U24087,"摩根印度(美元)(累計)","印度股票","印度股票","摩根資產管理",N,N,293.79,30-09-2026,美元,4,-17.24,-4.05,-6.15,-4.18,4.27,-16.21,7.73,15.12,20.39,0,30-09-2026,1.5,MU0129U00005,1,"","","","","綜合"
U44046,"貝萊德全球基金 - 印度基金A2類股份 (歐元)","印度股票","印度股票","貝萊德資產管理北亞有限公司",N,N,44.28,02-10-2026,歐羅,4,-4.59,-1.4,-1.07,0.18,12.73,-1.97,14.77,12.96,35.83,0,30-09-2026,1.5,LU0248271941,2,"","","","","綜合"
U44011,"聯博 - 印度增長基金AX類股份 (歐元)","印度股票","印度股票","聯博香港有限公司",N,N,166.57,01-10-2026,歐羅,5,-12.04,-2.85,-5.82,-5.64,3.39,-9.38,17.88,19.78,28.8,0,30-09-2026,1.55,LU0252216485,2,"","","","","綜合"
U44384,"滙豐環球投資基金 - 印度股票AD類 (港元)","印度股票","印度股票","滙豐環球投資管理 (香港) 有限公司",N,Y,15.361,01-10-2026,港元,4,-14.87,-2.97,-7.12,-5.59,0.31,-11.7,12.45,20.32,28.82,0,30-09-2026,1.5,LU0531971678,3,"","","","","綜合"
U40088,"滙豐環球投資基金 - 印度股票AD類 (美元)","印度股票","印度股票","滙豐環球投資管理 (香港) 有限公司",N,Y,270.628,01-10-2026,美元,4,-15.56,-3.02,-7.19,-5.62,0.19,-12.43,13.04,20.28,28.12,0,30-09-2026,1.5,LU0066902890,3,"","","","","綜合"
U44045,"貝萊德全球基金 - 印度基金A2類股份 (美元)","印度股票","印度股票","貝萊德資產管理北亞有限公司",N,N,49.93,02-10-2026,美元,4,-8.28,-2.48,-3.87,-1.32,9.47,-5.7,7.58,17,25.58,0,30-09-2026,1.5,LU0248272758,2,"","","","","綜合"
U45474,"高盛印度股票投資組合 (其他貨幣類股份 港元 累積)","印度股票","印度股票","高盛資產管理（香港）有限公司",N,Y,104.77,01-10-2026,港元,4,-9.69,-2.51,-7.11,-2.54,6.94,-8.69,19.23,0,0,0,30-09-2026,1.75,LU2725941129,,"","","","","綜合"
U44659,"聯博 - 印度增長基金A類股份 (歐元)","印度股票","印度股票","聯博香港有限公司",N,N,183.54,01-10-2026,歐羅,5,-12.18,-2.86,-5.85,-5.69,3.28,-9.57,17.65,19.54,28.54,0,30-09-2026,1.75,LU0430678697,2,"","","","","綜合"
U44658,"聯博 - 印度增長基金A類股份 (港元)","印度股票","印度股票","聯博香港有限公司",N,N,1619.4,01-10-2026,港元,5,-15.3,-3.97,-8.62,-6.81,1.44,-12.62,9.8,23.33,20.52,0,30-09-2026,1.75,LU0474116539,2,"","","","","綜合"
U43637,"貝萊德全球基金 - 日本靈活股票基金A2類股份 (歐元)","日本大型均衡型股票","日本大型均衡型股票","貝萊德資產管理北亞有限公司",N,N,22.74,02-10-2026,歐羅,4,14.67,1.97,5.42,0.8,10.28,18.75,20.04,17.73,8.19,0,30-09-2026,1.5,LU0212924608,2,"","","","","大型"
U33688,"安聯日本股票基金A類收息股份 (美元)","日本大型均衡型股票","日本大型均衡型股票","安聯環球投資亞太有限公司",N,N,39.0618,02-10-2026,美元,4,24.58,0.7,1.79,4.64,20.14,26.89,7.35,17.89,4.53,1.18,30-09-2026,1.8,LU0348751388,2,"","","","","大型"
U43867,"貝萊德全球基金 - 日本靈活股票基金A2類股份 (日圓)","日本大型均衡型股票","日本大型均衡型股票","貝萊德資產管理北亞有限公司",N,N,4039,02-10-2026,日圓,4,10.69,1.15,1.71,-2.82,6.51,22.21,26.38,29.99,11,0,30-09-2026,1.5,LU0249410860,2,"","","","","大型"
U45688,"恒生日本東證100指數ETF非上市A類單位(美元 累積股份)","日本大型均衡型股票","日本大型均衡型股票","恒生投資管理有限公司",N,N,13.57,30-09-2026,美元,4,22.25,1.27,1.72,8.3,21.92,26.59,0,0,0,0,30-09-2026,0.7,HK0001023453,,"","","","","大型"
U24928,"富達基金－日本股票ESG基金 - A類別股份 - 日圓","日本大型均衡型股票","日本大型均衡型股票","富達基金(香港)有限公司",N,N,481.8,02-10-2026,日圓,4,18.61,1.65,2.05,1.24,16.46,30.5,17.07,15.8,12.5,0,30-09-2026,1.5,LU0048585144,1,"","","","","大型"
U42889,"施羅德環球基金系列 - 日本股票A類股份 (日圓 累積單位)","日本大型均衡型股票","日本大型均衡型股票","施羅德投資管理(香港)有限公司",N,N,2688.1586,02-10-2026,日圓,4,19.42,1.43,2.57,2.53,13.15,30.6,13.02,19.42,10.55,0,30-09-2026,1.25,LU0106239873,1,"","","","","大型"
U45667,"富達基金 - 日本價值型基金A2類別股份 (日圓 派息股份)","日本大型均衡型股票","日本大型均衡型股票","富達基金(香港)有限公司",N,N,11708.1,02-10-2026,日圓,4,22.98,1.81,1.91,-0.68,12.01,41.77,15.23,29.41,20.57,0.01,30-09-2026,1.5,LU2908689552,4,"","","","","大型"
U45527,"恒生日本東證100指數ETF非上市A類單位(日元 累積)","日本大型均衡型股票","日本大型均衡型股票","恒生投資管理有限公司",Y,Y,1417.25,30-09-2026,日圓,4,22.88,1.28,-0.19,4.68,19.74,34.13,0,0,0,0,30-09-2026,0.7,HK0001023511,,"","","","","大型"
U43630,"貝萊德全球基金 - 日本靈活股票基金A2類股份 (美元)","日本大型均衡型股票","日本大型均衡型股票","貝萊德資產管理北亞有限公司",N,N,25.64,02-10-2026,美元,4,9.71,0.87,2.44,-0.74,7.82,14.21,12.77,22.81,0.11,0,30-09-2026,1.5,LU0212924517,2,"","","","","大型"
U39970,"貝萊德全球基金 - 日本中小型企業特別時機基金A2類股份 (美元)","日本中小型股票","日本中小型股票","貝萊德資產管理北亞有限公司",N,N,114.26,02-10-2026,美元,4,17.72,0.57,3.32,1.42,14.15,22.56,8.77,11.33,1.69,0,30-09-2026,1.5,LU0006061252,3,"","","","","中小型"
U42413,"景順日本小型企業基金 (日元)","日本中小型股票","日本中小型股票","景順投資管理有限公司",N,N,3086,02-10-2026,日圓,4,35,2.76,6.63,-0.19,19.33,38.26,10.93,11.19,6.23,0,30-09-2026,1.5,LU0028119526,2,"","","","","中小型"
U42468,"施羅德環球基金系列 - 日本小型公司A類股份 (日圓 累積單位)","日本中小型股票","日本中小型股票","施羅德投資管理(香港)有限公司",N,N,276.9825,02-10-2026,日圓,4,17.71,0.05,2.76,2.07,10.23,28.05,1.6,16,1.87,0,30-09-2026,1.5,LU0106242315,2,"","","","","中小型"
U44427,"景順日本小型企業基金A類股份 (美元)","日本中小型股票","日本中小型股票","景順投資管理有限公司",N,N,27.7,02-10-2026,美元,4,34.01,2.82,8.12,2.1,20.8,28.54,0.17,3.51,-4.91,0,30-09-2026,1.5,LU0607522496,2,"","","","","中小型"
U42584,"貝萊德全球基金 - 日本中小型企業特別時機基金A2類股份 (歐元)","日本中小型股票","日本中小型股票","貝萊德資產管理北亞有限公司",N,N,101.34,02-10-2026,歐羅,4,23.03,1.7,6.33,2.99,16.72,27.42,15.85,6.69,9.89,0,30-09-2026,1.5,LU0171289068,3,"","","","","中小型"
U43866,"貝萊德全球基金 - 日本中小型企業特別時機基金A2類股份 (日圓)","日本中小型股票","日本中小型股票","貝萊德資產管理北亞有限公司",N,N,17997,02-10-2026,日圓,4,18.75,0.85,2.56,-0.71,12.74,31.12,21.96,17.76,12.71,0,30-09-2026,1.5,LU0249411835,3,"","","","","中小型"
U39845,"霸菱韓國基金A類別 (英鎊 累計)","韓國股票","韓國股票","霸菱資產管理(亞洲)有限公司",N,N,9.927,02-10-2026,英鎊,5,91.9,1.29,11.33,3.54,57.05,121.39,-12.73,6.68,1.26,0,30-09-2026,1.5,GB0000840719,2,"","","","","綜合"
U40080,"霸菱韓國聯接基金A類別(美元)累積","韓國股票","韓國股票","霸菱資產管理(亞洲)有限公司",N,N,65.76,02-10-2026,美元,5,87.72,1.01,9.04,2.46,56.98,115.96,-14.65,12.37,-0.61,0,30-09-2026,0.1,IE0000838189,1,"","","","","綜合"
U74182,"摩根南韓(美元)(累計)","韓國股票","韓國股票","摩根資產管理",N,Y,185.08,30-09-2026,美元,5,68.22,-1.67,2.85,-4.14,49.41,98.86,-18.53,14.82,6.46,0,30-09-2026,1.5,HK0000055712,3,"","","","","綜合"
U44134,"霸菱拉丁美洲基金A類別(美元)收益(每月投資計劃)","拉丁美洲股票","拉丁美洲股票","霸菱資產管理(亞洲)有限公司",N,N,43.89,02-10-2026,美元,4,13.01,-0.23,-4.25,2.67,-1.31,23.93,-28.93,31.59,-7.79,2.28,30-09-2026,1.25,IE0000828933,4,"","","","","綜合"
U40056,"霸菱拉丁美洲基金A類別(美元)收益","拉丁美洲股票","拉丁美洲股票","霸菱資產管理(亞洲)有限公司",N,N,43.89,02-10-2026,美元,4,13.01,-0.23,-4.25,2.67,-1.31,23.93,-28.93,31.59,-7.79,2.28,30-09-2026,1.25,IE0000828933,4,"","","","","綜合"
U42865,"貝萊德全球基金 - 拉丁美洲基金A2類股份 (美元)","拉丁美洲股票","拉丁美洲股票","貝萊德資產管理北亞有限公司",N,N,81.77,02-10-2026,美元,5,6.97,0.43,-1.99,0.69,-4.69,9.88,-34.02,36.35,-15.55,0,30-09-2026,1.75,LU0072463663,2,"","","","","綜合"
U39877,"富達基金 - 拉丁美洲基金A類別股份 (美元 派息股份)","拉丁美洲股票","拉丁美洲股票","富達基金(香港)有限公司",N,N,38.19,02-10-2026,美元,4,6,-1.34,-5.68,2.57,-5.67,14.81,-25.39,28.88,-12.87,2.06,30-09-2026,1.5,LU0050427557,3,"","","","","綜合"
U42520,"霸菱拉丁美洲基金A類別(歐元)收益","拉丁美洲股票","拉丁美洲股票","霸菱資產管理(亞洲)有限公司",N,N,38.92,02-10-2026,歐羅,4,17.47,0.83,-1.59,4.15,0.91,28.72,-24.16,26.8,-0.53,2.21,30-09-2026,1.25,IE0004851022,4,"","","","","綜合"
U43912,"鄧普頓拉丁美洲基金A類 (美元 每年分派-現金派息)","拉丁美洲股票","拉丁美洲股票","富蘭克林鄧普頓投資",N,N,63.66,02-10-2026,美元,4,17.66,1.26,-0.56,5.73,-1.11,26.58,-26.92,28.85,-14.62,2.87,30-09-2026,1.9,LU0029865408,3,"","","","","綜合"
U42328,"施羅德環球基金系列 - 拉丁美洲A類股份 (美元 累積單位)","拉丁美洲股票","拉丁美洲股票","施羅德投資管理(香港)有限公司",N,N,61.6373,02-10-2026,美元,5,11.33,-0.1,-0.6,2.58,-1.38,20.61,-25.41,26.55,-11.68,0,30-09-2026,1.5,LU0106259046,3,"","","","","綜合"
U42864,"貝萊德全球基金 - 拉丁美洲基金A2類股份 (歐元)","拉丁美洲股票","拉丁美洲股票","貝萊德資產管理北亞有限公司",N,N,72.53,02-10-2026,歐羅,5,11.29,1.57,0.86,2.26,-2.51,14.24,-29.61,31.67,-8.64,0,30-09-2026,1.75,LU0171289498,2,"","","","","綜合"
U44132,"施羅德環球基金系列 - 拉丁美洲 A類股份 (美元 累積單位) (每月投資計劃)","拉丁美洲股票","拉丁美洲股票","施羅德投資管理(香港)有限公司",N,N,61.6373,02-10-2026,美元,5,11.33,-0.1,-0.6,2.58,-1.38,20.61,-25.41,26.55,-11.68,0,30-09-2026,1.5,LU0106259046,3,"","","","","綜合"
U44133,"貝萊德全球基金 - 拉丁美洲基金A2類股份 (美元) (每月投資計劃)","拉丁美洲股票","拉丁美洲股票","貝萊德資產管理北亞有限公司",N,N,81.77,02-10-2026,美元,5,6.97,0.43,-1.99,0.69,-4.69,9.88,-34.02,36.35,-15.55,0,30-09-2026,1.75,LU0072463663,2,"","","","","綜合"
U43339,"貝萊德全球基金 - 拉丁美洲基金A2類股份 (英鎊)","拉丁美洲股票","拉丁美洲股票","貝萊德資產管理北亞有限公司",N,N,61.75,02-10-2026,英鎊,5,8.5,0.5,-0.02,1.7,-4.85,11.44,-32.94,29.33,-14.64,0,30-09-2026,1.75,LU0171289738,2,"","","","","綜合"
U45496,"恒生標普500指數ETF非上市A類單位(美元 累積)","美國大型均衡型股票","美國大型均衡型股票","恒生投資管理有限公司",Y,Y,14.69,30-09-2026,美元,3,11.88,-0.68,-0.41,2.01,17.33,14.5,0,0,0,0,30-09-2026,0.55,HK0000998523,,"","","","","大型"
U45577,"JPM美國A股(累計)(港元)","美國大型均衡型股票","美國大型均衡型股票","摩根資產管理",N,Y,61.33,02-10-2026,港元,3,8.93,0.64,2,1.67,14.02,10.42,25.4,31.32,26.4,0,30-09-2026,1.5,LU0863150172,3,"","","","","大型"
U42461,"施羅德環球基金系列 - 美國大型股A類股份 (美元 累積單位)","美國大型均衡型股票","美國大型均衡型股票","施羅德投資管理(香港)有限公司",N,N,435.4333,02-10-2026,美元,3,6.71,0.04,0.49,4.09,18.24,8.47,26.63,22.94,28.85,0,30-09-2026,1.25,LU0106261372,3,"","","","","大型"
U44747,"JPM美國(美元)A股(分派)","美國大型均衡型股票","美國大型均衡型股票","摩根資產管理",N,Y,545.2,02-10-2026,美元,3,8.12,0.61,1.96,1.65,13.92,9.58,26.26,31.11,25.77,0,30-09-2026,1.5,LU0053666078,3,"","","","","大型"
U45795,"資本集團 - 美國投資公司（盧森堡）B類 (美元 累積股份)","美國大型均衡型股票","美國大型均衡型股票","資本集團",N,Y,32.6918,02-10-2026,美元,3,8.83,-0.28,-0.3,0.66,14.24,9.63,23.34,26.71,23.38,0,30-09-2026,1.3,LU1378994856,3,"","","","","大型"
U44095,"安聯美國股票基金A類收息股份 (美元)","美國大型均衡型股票","美國大型均衡型股票","安聯環球投資亞太有限公司",N,N,43.9383,02-10-2026,美元,3,9.58,0.2,1.65,1.37,18.42,12.49,26.43,31.09,20.01,1.46,30-09-2026,1.8,LU0256863811,2,"","","","","大型"
U45796,"資本集團 - 美國投資公司（盧森堡）B類 (港元 累積股份)","美國大型均衡型股票","美國大型均衡型股票","資本集團",N,Y,256.5458,02-10-2026,港元,3,0,-0.24,-0.22,0.72,14.37,0,0,0,0,0,30-09-2026,1.3,LU3267976267,3,"","","","","大型"
U42949,"貝萊德全球基金 - 美國靈活股票基金A2類股份 (美元)","美國大型均衡型股票","美國大型均衡型股票","貝萊德資產管理北亞有限公司",N,N,102.8,02-10-2026,美元,4,16.15,0.19,1.73,-0.91,20.21,23.1,15.21,22.46,24.03,0,30-09-2026,1.5,LU0154236417,3,"","","","","大型"
U42017,"富達基金 - 美國股票基金A類別股份 (美元 派息股份)","美國大型均衡型股票","美國大型均衡型股票","富達基金(香港)有限公司",N,N,109.8,02-10-2026,美元,3,6.6,0.46,2.43,4.47,17.5,6.5,14.43,11.38,20.64,0,30-09-2026,1.5,LU0077335932,2,"","","","","大型"
U43340,"貝萊德全球基金 - 美國靈活股票基金A2類股份 (歐元)","美國大型均衡型股票","美國大型均衡型股票","貝萊德資產管理北亞有限公司",N,N,91.18,02-10-2026,歐羅,4,20.83,1.31,4.7,0.63,22.93,27.99,22.93,18.23,34.14,0,30-09-2026,1.5,LU0171296865,3,"","","","","大型"
U45499,"恒生標普500指數ETF非上市A類單位(港元 累積) (每月投資計劃)","美國大型均衡型股票","美國大型均衡型股票","恒生投資管理有限公司",N,Y,14.74,30-09-2026,港元,3,12.78,-0.67,-0.34,2.08,17.36,15.52,0,0,0,0,30-09-2026,0.55,HK0000998531,,"","","","","大型"
U45495,"恒生標普500指數ETF非上市A類單位(港元 累積)","美國大型均衡型股票","美國大型均衡型股票","恒生投資管理有限公司",Y,Y,14.74,30-09-2026,港元,3,12.78,-0.67,-0.34,2.08,17.36,15.52,0,0,0,0,30-09-2026,0.55,HK0000998531,,"","","","","大型"
U45231,"JPM美國企業成長A股 (美元 累計)(每月投資計劃)","美國大型增長型股票","美國大型增長型股票","摩根資產管理",N,Y,102.86,02-10-2026,美元,4,4.97,0.61,5.79,0.96,15.94,3.4,33.09,34.83,18.11,0,30-09-2026,1.5,LU0210536198,4,"","","","","大型增長"
U44501,"駿利亨德森美國40基金A2類股份 (美元 累積)","美國大型增長型股票","美國大型增長型股票","駿利亨德森投資",N,N,91.24,02-10-2026,美元,4,8.26,1.34,5.19,4.79,21.88,7.13,26.85,37.13,21.26,0,30-09-2026,1.25,IE0004445239,3,"","","","","大型增長"
U45408,"聯博 - 美國增長基金A類股份（美元 累積單位）","美國大型增長型股票","美國大型增長型股票","聯博香港有限公司",N,N,264.01,02-10-2026,美元,4,5.49,0.34,2.69,2.83,15.93,4.94,24.33,33.5,26.93,0,30-09-2026,1.6,LU0079474960,3,"","","","","大型增長"
U45158,"JPM美國企業成長A股 (美元 累計)","美國大型增長型股票","美國大型增長型股票","摩根資產管理",N,Y,102.86,02-10-2026,美元,4,4.97,0.61,5.79,0.96,15.94,3.4,33.09,34.83,18.11,0,30-09-2026,1.5,LU0210536198,4,"","","","","大型增長"
U45109,"富蘭克林美國機會基金A類 (美元 累積)","美國大型增長型股票","美國大型增長型股票","富蘭克林鄧普頓投資",N,N,41.96,02-10-2026,美元,4,11.86,1.21,5.56,4.2,20.82,9.41,24.47,38.23,16.53,0,30-09-2026,1.5,LU0109391861,2,"","","","","大型增長"
U44735,"駿利亨德森美國40基金A2類股份（美元累積）(每月投資計劃)","美國大型增長型股票","美國大型增長型股票","駿利亨德森投資",N,N,91.24,02-10-2026,美元,4,8.26,1.34,5.19,4.79,21.88,7.13,26.85,37.13,21.26,0,30-09-2026,1.25,IE0004445239,3,"","","","","大型增長"
U43799,"滙豐環球投資基金 - 經濟規模美國股票PD類 (美元) (每月投資計劃)","美國大型價值型股票","美國大型價值型股票","滙豐環球投資管理 (香港) 有限公司",N,N,109.172,02-10-2026,美元,3,8.93,-0.54,-4.21,0.16,9.8,14.02,15.13,17.81,30.94,0.64,30-09-2026,0.4,LU0011818662,4,"","","","","大型價值"
U39847,"富達基金 - 美國基金A類別股份 (美元 派息股份)","美國大型價值型股票","美國大型價值型股票","富達基金(香港)有限公司",N,N,18.23,02-10-2026,美元,3,1.84,-0.76,-4.4,-2.93,1.79,5.44,8.13,11.5,24.22,0,30-09-2026,1.5,LU0048573561,1,"","","","","大型價值"
U45232,"貝萊德全球基金  - 美國價值型基金A2類股份 (美元)(每月投資計劃)","美國大型價值型股票","美國大型價值型股票","貝萊德資產管理北亞有限公司",N,Y,173.68,02-10-2026,美元,3,11.66,-0.86,-3.13,-0.6,14.41,17.28,7.54,11.13,19.7,0,30-09-2026,1.5,LU0072461881,3,"","","","","大型價值"
U42937,"貝萊德全球基金 - 美國價值型基金A2類股份 (美元)","美國大型價值型股票","美國大型價值型股票","貝萊德資產管理北亞有限公司",N,Y,173.68,02-10-2026,美元,3,11.66,-0.86,-3.13,-0.6,14.41,17.28,7.54,11.13,19.7,0,30-09-2026,1.5,LU0072461881,3,"","","","","大型價值"
U42935,"貝萊德全球基金 - 美國價值型基金A2類股份 (歐元)","美國大型價值型股票","美國大型價值型股票","貝萊德資產管理北亞有限公司",N,N,154.05,02-10-2026,歐羅,3,16.16,0.26,-0.3,0.94,17.01,21.94,14.73,7.31,29.46,0,30-09-2026,1.5,LU0171293920,3,"","","","","大型價值"
U40111,"滙豐環球投資基金 - 經濟規模美國股票PD類 (美元)","美國大型價值型股票","美國大型價值型股票","滙豐環球投資管理 (香港) 有限公司",N,N,109.172,02-10-2026,美元,3,8.93,-0.54,-4.21,0.16,9.8,14.02,15.13,17.81,30.94,0.64,30-09-2026,0.4,LU0011818662,4,"","","","","大型價值"
U45683,"普徠仕(盧森堡)系列 – 美國全方位股票基金A類 (港元 累積股份 )","美國靈活型股票","美國靈活型股票","普徠仕香港有限公司",N,Y,119.95,02-10-2026,港元,3,1.36,0.04,0.89,0.65,12.99,2.45,0,0,0,0,30-09-2026,1.6,LU3036572827,,"","","","","靈活型"
U45682,"普徠仕(盧森堡)系列 – 美國全方位股票基金A類 (美元 累積股份)","美國靈活型股票","美國靈活型股票","普徠仕香港有限公司",N,Y,19.41,02-10-2026,美元,3,0.52,0,0.83,0.57,12.78,1.62,25.19,29.42,0,0,30-09-2026,1.6,LU2531918303,3,"","","","","靈活型"
U42464,"施羅德環球基金系列 - 美國小型公司影響力 A類股份 (美元 累積單位)","美國小型股票","美國小型股票","施羅德投資管理(香港)有限公司",N,N,297.3574,02-10-2026,美元,4,14.79,0.22,1.42,1.71,22.02,24.17,12.16,16.75,21.52,0,30-09-2026,1.5,LU0106261612,3,"","","","","小型"
U44502,"駿利亨德森美國創業基金A2類股份 (美元 累積)","美國小型股票","美國小型股票","駿利亨德森投資",N,N,45.49,02-10-2026,美元,4,6.58,0.02,-5.82,-8.23,8.36,9.69,12.09,13.68,4.21,0,30-09-2026,1.5,IE0009354923,2,"","","","","小型"
U45134,"JPM主題投資 －基因治療A股(美元 累計)","行業股票 - 生物科技","行業股票 - 生物科技","摩根資產管理",N,N,132.35,02-10-2026,美元,4,18.09,-0.6,-3.81,0.77,17.82,27.59,-11.69,-3.47,-12.75,0,30-09-2026,0.72,LU2050612402,2,"","","","","綜合"
U43915,"富蘭克林生物科技新領域基金A類 (美元 累積)","行業股票 - 生物科技","行業股票 - 生物科技","富蘭克林鄧普頓投資",N,Y,64.6,02-10-2026,美元,4,8.9,-2.48,-12.11,-9.69,6.11,31.97,2.64,17.3,-17.37,0,30-09-2026,1.5,LU0109394709,4,"","","","","綜合"
U45102,"富蘭克林生物科技新領域基金A類 (港元 累積)","行業股票 - 生物科技","行業股票 - 生物科技","富蘭克林鄧普頓投資",N,Y,42.24,02-10-2026,港元,4,9.8,-2.45,-12.05,-9.65,6.21,33.04,2.09,17.35,-16.89,0,30-09-2026,1.5,LU0889565916,4,"","","","","綜合"
U42401,"景順環球消費趨勢基金 A類股份(美元 累積)","行業股票 - 消費品及服務","行業股票 - 消費品及服務","景順投資管理有限公司",N,Y,93.15,02-10-2026,美元,4,0.03,0,6.6,-9.44,17.16,-12.59,25.21,25.75,-8.03,0,30-09-2026,1.5,LU0052864419,2,"","","","","綜合"
U42569,"富達基金－環球消費品牌基金 - A類別股份 - 歐元","行業股票 - 消費品及服務","行業股票 - 消費品及服務","富達基金(香港)有限公司",N,N,99.58,02-10-2026,歐羅,4,1.63,0.51,0.94,0.48,13.2,3.04,19.48,20.32,16.55,0,30-09-2026,1.5,LU0114721508,4,"","","","","綜合"
U45141,"安聯糧食安全基金AT類累積股份 (美元)","行業股票 - 消費品及服務","行業股票 - 消費品及服務","安聯環球投資亞太有限公司",N,N,7.7427,02-10-2026,美元,4,-0.51,-1.35,-4.01,-0.44,4.21,-1.28,0.7,-2.92,-1.57,0,30-09-2026,1.9,LU2211817866,1,"","","","","綜合"
U45142,"安聯糧食安全基金A類收息股份 (歐元)","行業股票 - 消費品及服務","行業股票 - 消費品及服務","安聯環球投資亞太有限公司",N,N,79.98,02-10-2026,歐羅,4,4.09,-0.11,-1.26,1.04,6.75,3.13,6.81,-6.35,6.83,0,30-09-2026,1.9,LU2211817197,1,"","","","","綜合"
U44128,"景順環球消費趨勢基金 A類股份(美元 累積) (每月投資計劃)","行業股票 - 消費品及服務","行業股票 - 消費品及服務","景順投資管理有限公司",N,Y,93.15,02-10-2026,美元,4,0.03,0,6.6,-9.44,17.16,-12.59,25.21,25.75,-8.03,0,30-09-2026,1.5,LU0052864419,2,"","","","","綜合"
U44129,"富達基金－環球消費品牌基金 - A類別股份 - 歐元  (每月投資計劃)","行業股票 - 消費品及服務","行業股票 - 消費品及服務","富達基金(香港)有限公司",N,N,99.58,02-10-2026,歐羅,4,1.63,0.51,0.94,0.48,13.2,3.04,19.48,20.32,16.55,0,30-09-2026,1.5,LU0114721508,4,"","","","","綜合"
U44065,"景順亞洲消費動力基金A類股份(美元 分派)","行業股票 - 消費品及服務","行業股票 - 消費品及服務","景順投資管理有限公司",N,N,21.86,02-10-2026,美元,4,18.62,-1.04,1.39,2.68,19.72,13.47,15.17,-1.66,-16.11,0.33,30-09-2026,1.5,LU0334857199,3,"","","","","綜合"
U44342,"百達 - 精選品牌-P歐元股份類別 (歐元)","行業股票 - 消費品及服務","行業股票 - 消費品及服務","瑞士百達資產管理",N,N,266.66,02-10-2026,歐羅,4,-8.19,-0.63,-2.69,-6.63,3.44,-5.79,13.24,13.29,33.39,0,30-09-2026,1.6,LU0217139020,3,"","","","","綜合"
U43937,"恒生消費行業動力基金A1類單位 (港元) (每月投資計劃)","行業股票 - 消費品及服務","行業股票 - 消費品及服務","恒生投資管理有限公司",N,Y,19.72,30-09-2026,港元,4,-18.41,-1,-5.33,-0.95,-10.85,-27.74,12.9,-18.81,-14.41,0,30-09-2026,1.5,HK0000284544,1,"","","","","綜合"
U45273,"恒生消費行業動力基金A1類單位 (美元 累積)","行業股票 - 消費品及服務","行業股票 - 消費品及服務","恒生投資管理有限公司",Y,Y,8.74,30-09-2026,美元,4,-19.07,-1.02,-5.41,-1.02,-10.91,-28.3,13.48,-18.97,0,0,30-09-2026,1.5,HK0000848017,1,"","","","","綜合"
U45159,"景順環球消費趨勢基金 A類股份(港元 累積)","行業股票 - 消費品及服務","行業股票 - 消費品及服務","景順投資管理有限公司",N,Y,168.27,02-10-2026,港元,4,0.84,0.04,6.67,-9.4,17.3,-11.85,24.48,26.04,-7.49,0,30-09-2026,1.5,LU1887442140,2,"","","","","綜合"
U44064,"景順亞洲消費動力基金A類股份(美元 累積)","行業股票 - 消費品及服務","行業股票 - 消費品及服務","景順投資管理有限公司",N,N,23.46,02-10-2026,美元,4,18.6,-1.01,1.43,2.76,19.75,13.5,15.13,-1.72,-16.11,0,30-09-2026,1.5,LU0334857355,3,"","","","","綜合"
U43935,"恒生消費行業動力基金A1類單位 (港元 累積)","行業股票 - 消費品及服務","行業股票 - 消費品及服務","恒生投資管理有限公司",Y,Y,19.72,30-09-2026,港元,4,-18.41,-1,-5.33,-0.95,-10.85,-27.74,12.9,-18.81,-14.41,0,30-09-2026,1.5,HK0000284544,1,"","","","","綜合"
U43773,"施羅德環球基金系列 - 環球能源A類股份 (美元 累積單位)","行業股票 - 能源","行業股票 - 能源","施羅德投資管理(香港)有限公司",N,N,29.3863,02-10-2026,美元,5,37.51,-2.38,-5.75,10.17,0.03,43.05,-4.43,16.39,47.26,0,30-09-2026,1.5,LU0256331488,2,"","","","","綜合"
U42656,"貝萊德全球基金 - 世界能源基金A2類股份 (美元)","行業股票 - 能源","行業股票 - 能源","貝萊德資產管理北亞有限公司",N,Y,36.8,02-10-2026,美元,5,38.29,-0.08,-2.15,14.43,3.2,39.34,1.92,3.68,41.21,0,30-09-2026,1.75,LU0122376428,3,"","","","","綜合"
U43860,"貝萊德全球基金 - 世界能源基金A2類股份 (美元) (每月投資計劃)","行業股票 - 能源","行業股票 - 能源","貝萊德資產管理北亞有限公司",N,Y,36.8,02-10-2026,美元,5,38.29,-0.08,-2.15,14.43,3.2,39.34,1.92,3.68,41.21,0,30-09-2026,1.75,LU0122376428,3,"","","","","綜合"
U44050,"富蘭克林天然資源基金A類 (歐元 累積)","行業股票 - 能源","行業股票 - 能源","富蘭克林鄧普頓投資",N,N,11.3,02-10-2026,歐羅,4,27.97,0.44,-3,8.55,3.01,36.97,6.71,-1.35,44.5,0,30-09-2026,1.5,LU0300741732,3,"","","","","綜合"
U42657,"貝萊德全球基金 - 世界能源基金A2類股份 (歐元)","行業股票 - 能源","行業股票 - 能源","貝萊德資產管理北亞有限公司",N,N,32.64,02-10-2026,歐羅,5,43.85,1.05,0.71,16.2,5.53,44.87,8.74,0.09,52.62,0,30-09-2026,1.75,LU0171301533,3,"","","","","綜合"
U44049,"富蘭克林天然資源基金A類 (美元 累積)","行業股票 - 能源","行業股票 - 能源","富蘭克林鄧普頓投資",N,N,12.7,02-10-2026,美元,4,22.59,-0.78,-5.79,6.81,0.47,31.47,0.12,1.77,35.02,0,30-09-2026,1.5,LU0300736062,3,"","","","","綜合"
U42568,"富達基金 - 環球金融服務基金A類別股份 (歐元 派息股份)","行業股票 - 金融服務","行業股票 - 金融服務","富達基金(香港)有限公司",N,N,76.1,02-10-2026,歐羅,4,7.15,-1.34,-2.8,1.06,15.14,10.69,31.36,13.19,31.59,0.24,30-09-2026,1.5,LU0114722498,3,"","","","","綜合"
U44925,"富達基金 - 環球金融服務基金A類別股份 (美元 派息股份-現金派息) (每月投資計劃)","行業股票 - 金融服務","行業股票 - 金融服務","富達基金(香港)有限公司",N,Y,28.38,02-10-2026,美元,4,2.83,-2.57,-5.59,-0.62,12.29,6.57,22.91,17.04,22.45,0.23,30-09-2026,1.5,LU0971096721,3,"","","","","綜合"
U42862,"貝萊德全球基金 - 世界金融基金A2類股份 (美元)","行業股票 - 金融服務","行業股票 - 金融服務","貝萊德資產管理北亞有限公司",N,Y,75.77,02-10-2026,美元,5,-2.12,-3.43,-8.37,-6.56,11.84,8.9,30.94,27.86,16.11,0,30-09-2026,1.5,LU0106831901,4,"","","","","綜合"
U44878,"富達基金 - 環球金融服務基金A類別股份 (美元 派息股份-現金派息)","行業股票 - 金融服務","行業股票 - 金融服務","富達基金(香港)有限公司",N,Y,28.38,02-10-2026,美元,4,2.83,-2.57,-5.59,-0.62,12.29,6.57,22.91,17.04,22.45,0.23,30-09-2026,1.5,LU0971096721,3,"","","","","綜合"
U44879,"富達基金 - 環球金融服務基金A類別股份 (歐元 派息股份-現金派息)","行業股票 - 金融服務","行業股票 - 金融服務","富達基金(香港)有限公司",N,N,76.1,02-10-2026,歐羅,4,7.15,-1.34,-2.8,1.06,15.14,10.69,31.36,13.19,31.59,0.24,30-09-2026,1.5,LU0114722498,3,"","","","","綜合"
U43681,"恒生金融行業動力基金A類單位 (港元)","行業股票 - 金融服務","行業股票 - 金融服務","恒生投資管理有限公司",Y,N,78.67,30-09-2026,港元,4,9.77,-0.09,-1.45,12,9.55,18.66,25.93,-7.47,-6.65,0,30-09-2026,1.5,HK0000284577,2,"","","","","綜合"
U43683,"恒生金融行業動力基金A類單位 (港元) (每月投資計劃)","行業股票 - 金融服務","行業股票 - 金融服務","恒生投資管理有限公司",N,N,78.67,30-09-2026,港元,4,9.77,-0.09,-1.45,12,9.55,18.66,25.93,-7.47,-6.65,0,30-09-2026,1.5,HK0000284577,2,"","","","","綜合"
U42570,"富達基金－環球健康護理基金 - A類別股份 - 歐元","行業股票 - 健康護理","行業股票 - 健康護理","富達基金(香港)有限公司",N,N,61.76,02-10-2026,歐羅,4,-1.98,-1.51,-1.31,-2.72,4.73,2.98,5.43,2.16,31.66,0,30-09-2026,1.5,LU0114720955,2,"","","","","綜合"
U43821,"聯博 - 國際健康護理基金A類股份 (美元)","行業股票 - 健康護理","行業股票 - 健康護理","聯博香港有限公司",N,Y,611.63,02-10-2026,美元,4,3.16,-3.02,-4.71,-1.31,7.46,9.83,-2.53,9.37,23.27,0,30-09-2026,1.8,LU0058720904,4,"","","","","綜合"
U42661,"貝萊德全球基金 - 世界健康科學基金A2類股份 (歐元)","行業股票 - 健康護理","行業股票 - 健康護理","貝萊德資產管理北亞有限公司",N,Y,68.53,02-10-2026,歐羅,4,7.15,-1.13,-1.49,1.18,10.07,14.37,8.74,-1.33,23.5,0,30-09-2026,1.5,LU0171307068,4,"","","","","綜合"
U36031,"景順健康護理創新基金A美元","行業股票 - 健康護理","行業股票 - 健康護理","景順投資管理有限公司",N,N,216.98,02-10-2026,美元,4,2.74,-1.99,-3.11,-0.69,9.87,9.45,3.21,1.93,11.96,0,30-09-2026,1.5,LU1775982595,3,"","","","","綜合"
U45261,"滙豐環球投資基金 – 環球股票可持續健康護理AC類 (美元 累積)","行業股票 - 健康護理","行業股票 - 健康護理","滙豐環球投資管理 (香港) 有限公司",N,Y,10.873,02-10-2026,美元,4,-8.7,-0.66,-6.76,-10.22,-0.46,5.47,10.24,5.84,0,0,30-09-2026,1.5,LU2324357040,3,"","","","","綜合"
U42660,"貝萊德全球基金 - 世界健康科學基金A2類股份 (美元)","行業股票 - 健康護理","行業股票 - 健康護理","貝萊德資產管理北亞有限公司",N,Y,77.27,02-10-2026,美元,4,3.01,-2.21,-4.27,-0.36,7.63,9.99,1.94,2.18,14.19,0,30-09-2026,1.5,LU0122379950,4,"","","","","綜合"
U45177,"駿利亨德森環球生命科技基金A2類股份 (港元 累積)","行業股票 - 健康護理","行業股票 - 健康護理","駿利亨德森投資",N,Y,22.29,02-10-2026,港元,4,5.59,-2.15,-6.58,-4.99,8.78,22.2,1.18,5.47,5.39,0,30-09-2026,1.5,IE00B4R5TH58,5,"","","","","綜合"
U45310,"滙豐環球投資基金 – 環球股票可持續健康護理AC類 (港元 累積) (每月投資計劃)","行業股票 - 健康護理","行業股票 - 健康護理","滙豐環球投資管理 (香港) 有限公司",N,Y,10.735,02-10-2026,港元,4,-7.93,-0.61,-6.68,-10.16,-0.32,6.37,9.69,5.88,0,0,30-09-2026,1.5,LU2324359764,3,"","","","","綜合"
U45262,"滙豐環球投資基金 – 環球股票可持續健康護理AC類 (港元 累積)","行業股票 - 健康護理","行業股票 - 健康護理","滙豐環球投資管理 (香港) 有限公司",N,Y,10.735,02-10-2026,港元,4,-7.93,-0.61,-6.68,-10.16,-0.32,6.37,9.69,5.88,0,0,30-09-2026,1.5,LU2324359764,3,"","","","","綜合"
U44503,"駿利亨德森環球生命科技基金A2類股份 (美元 累積)","行業股票 - 健康護理","行業股票 - 健康護理","駿利亨德森投資",N,Y,66.05,02-10-2026,美元,4,4.72,-2.21,-6.64,-5.05,8.67,21.19,1.72,5.44,4.72,0,30-09-2026,1.5,IE0009355771,5,"","","","","綜合"
U43819,"聯博 - 國際健康護理基金A類股份 (歐元)","行業股票 - 健康護理","行業股票 - 健康護理","聯博香港有限公司",N,Y,543.17,02-10-2026,歐羅,4,7.68,-1.83,-1.92,0.2,10.1,14.33,3.88,6.04,32.26,0,30-09-2026,1.8,LU0251853072,4,"","","","","綜合"
U42571,"富達基金 - 環球工業基金A類別股份 (歐元 派息股份)","行業股票 - 工業物料","行業股票 - 工業物料","富達基金(香港)有限公司",N,N,130.9,02-10-2026,歐羅,4,22.37,1.63,0.15,2.37,8.75,25.54,16.14,17,27.84,0.03,30-09-2026,1.5,LU0114722902,4,"","","","","綜合"
U44865,"富蘭克林環球物業收益基金A類 (美元 每季分派-現金派息)","房地產 - 環球（間接）","房地產 - 環球（間接）","富蘭克林鄧普頓投資",N,N,8.63,02-10-2026,美元,4,0.82,-1.91,-6.04,-8.42,-2.13,-0.09,-1.56,10,26.11,2.91,30-09-2026,1.5,LU0229948244,2,"","","","",""
U43522,"景順天下地產收益基金 (分派)","房地產 - 環球（間接）","房地產 - 環球（間接）","景順投資管理有限公司",N,N,9.24,02-10-2026,美元,3,0.65,-2.33,-5.71,-7.07,-0.23,-0.28,-3.81,10.7,18.13,1.39,30-09-2026,1.25,LU0367025839,3,"","","","",""
U45208,"駿利亨德森遠見環球地產股票基金A2類股份 (歐元 累積)","房地產 - 環球（間接）","房地產 - 環球（間接）","駿利亨德森投資",N,N,24.44,02-10-2026,歐羅,4,6.63,-0.93,-2.59,-5.86,2.22,6.59,6.06,3.4,34.8,0,30-09-2026,1.2,LU0264738294,3,"","","","",""
U43521,"景順天下地產收益基金 (累積)","房地產 - 環球（間接）","房地產 - 環球（間接）","景順投資管理有限公司",N,N,14.83,02-10-2026,美元,3,0.61,-2.31,-5.78,-7.02,-0.27,-0.27,-3.79,10.8,18.15,0,30-09-2026,1.25,LU0367025755,3,"","","","",""
U45207,"駿利亨德森遠見環球地產股票基金A4M類股份 (美元 每月入息-現金派息)","房地產 - 環球（間接）","房地產 - 環球（間接）","駿利亨德森投資",N,Y,16.16,02-10-2026,美元,4,2.58,-2.02,-5.29,-7.25,-0.01,2.58,-0.55,7.05,23.97,4.14,30-09-2026,1.2,LU2065174687,2,"","","","",""
U45209,"駿利亨德森遠見環球地產股票基金A2類股份 (英鎊 累積)","房地產 - 環球（間接）","房地產 - 環球（間接）","駿利亨德森投資",N,N,20.67,02-10-2026,英鎊,4,3.97,-1.99,-3.46,-6.39,-0.24,3.97,1.07,1.55,25.93,0,30-09-2026,1.2,LU0264739185,3,"","","","",""
U45105,"JPM美國科技(港元) A股(累計)","行業股票 - 科技","行業股票 - 科技","摩根資產管理",N,Y,44.64,02-10-2026,港元,4,19.42,1.99,10.69,-0.89,35.4,16.68,26.32,66.05,13.33,0,30-09-2026,1.5,LU1894109211,2,"","","","","綜合"
U41750,"摩根太平洋科技(美元)(累計)","行業股票 - 科技","行業股票 - 科技","摩根資產管理",N,N,177.15,30-09-2026,美元,5,44.83,-2.6,-2.89,-14.12,48.32,47.49,8.21,14.44,-12.24,0,30-09-2026,1.5,HK0000055761,2,"","","","","綜合"
U50008,"貝萊德全球基金  - 新世代科技基金A2類股份 (美元 累積)","行業股票 - 科技","行業股票 - 科技","貝萊德資產管理北亞有限公司",N,Y,37.64,02-10-2026,美元,5,48.72,3.01,14.37,-1.26,46.52,54.71,22.94,32.56,1.55,0,30-09-2026,1.5,LU1861215975,2,"","","","","綜合"
U45815,"法巴 - 資訊科技創新股票基金 經典 (港元 累積)","行業股票 - 科技","行業股票 - 科技","法國巴黎資產管理",N,Y,108.42,02-10-2026,港元,4,0,2.32,7.85,9.94,0,0,0,0,0,0,,1.5,LU3405531446,,"","","","","綜合"
U44754,"JPM歐洲動力科技（歐元）-A股（分派）","行業股票 - 科技","行業股票 - 科技","摩根資產管理",N,N,61.2,02-10-2026,歐羅,4,28.32,4.85,8.82,0.49,33.91,27.28,2.65,17.17,32.69,0.02,30-09-2026,1.5,LU0104030142,2,"","","","","綜合"
U44601,"駿利亨德森環球科技及創新基金A2類股份 (美元 累積)","行業股票 - 科技","行業股票 - 科技","駿利亨德森投資",N,N,53.7,02-10-2026,美元,4,33.75,2.5,8.03,5.42,42.82,33.48,31.48,51.84,15.66,0,30-09-2026,1.5,IE0009356076,4,"","","","","綜合"
U42345,"富達基金 - 環球科技基金A類別股份 (歐元 派息股份)","行業股票 - 科技","行業股票 - 科技","富達基金(香港)有限公司",N,N,98.11,02-10-2026,歐羅,4,21.51,2.04,4.47,7.79,25.12,22.82,24.7,39.27,31.52,0,30-09-2026,1.5,LU0099574567,4,"","","","","綜合"
U42866,"貝萊德全球基金 - 世界科技基金A2類股份 (歐元)","行業股票 - 科技","行業股票 - 科技","貝萊德資產管理北亞有限公司",N,N,139.8,02-10-2026,歐羅,5,46.08,3.31,14.09,4.2,53.51,43.4,41.36,44.66,16.81,0,30-09-2026,1.5,LU0171310443,4,"","","","","綜合"
U45816,"法巴 - 資訊科技創新股票基金 經典 (美元 累積)","行業股票 - 科技","行業股票 - 科技","法國巴黎資產管理",N,Y,4527.95,02-10-2026,美元,4,30.82,2.28,7.77,9.84,39.3,33.8,19.71,41.12,24.2,0,30-09-2026,1.5,LU0823421333,4,"","","","","綜合"
U45249,"路博邁 - 新世代智能連接基金A類股份 (美元 累積)","行業股票 - 科技","行業股票 - 科技","路博邁亞洲有限公司",N,Y,34.07,02-10-2026,美元,4,47.68,1.43,8.19,-2.13,47.62,47.36,33.73,38.16,4.59,0,30-09-2026,1.7,IE00BMPRXN33,3,"","","","","綜合"
U45145,"恒生科技指數ETF非上市A類單位(美元 累積)","行業股票 - 科技","行業股票 - 科技","恒生投資管理有限公司",Y,Y,5.1631,30-09-2026,美元,4,-23.15,-2.89,-7.97,-4.87,-8.17,-34.49,19.83,-9.19,0,0,30-09-2026,0.55,HK0000706124,1,"","","","","綜合"
U44940,"安聯環球人工智能股票基金 AT類累積股份(美元)","行業股票 - 科技","行業股票 - 科技","安聯環球投資亞太有限公司",N,Y,40.9912,02-10-2026,美元,5,19.76,1.32,4.15,-5.64,20.68,23.43,16.67,48.92,7.94,0,30-09-2026,2.05,LU1548497426,2,"","","","","綜合"
U44756,"JPM美國科技(美元)A股(分派) (每月投資計畫)","行業股票 - 科技","行業股票 - 科技","摩根資產管理",N,Y,80.6,02-10-2026,美元,4,18.53,1.96,10.64,-0.91,35.28,15.75,27.24,65.71,12.75,0.01,30-09-2026,1.5,LU0082616367,3,"","","","","綜合"
U44945,"摩根太平洋科技(港元)(累計)","行業股票 - 科技","行業股票 - 科技","摩根資產管理",N,N,26.33,30-09-2026,港元,5,46.03,-2.55,-2.81,-14.07,48.42,48.67,7.71,14.48,-11.74,0,30-09-2026,1.5,HK0000416062,3,"","","","","綜合"
U42354,"恒生環球科技基金A類單位(美元 累積收益單位)","行業股票 - 科技","行業股票 - 科技","恒生投資管理有限公司",Y,Y,52.4198,30-09-2026,美元,4,45.81,-0.05,5.35,-1.28,49.88,53.93,29.1,41.59,15.57,0,30-09-2026,1,HK0000284668,4,"","","","","綜合"
U42363,"恒生環球科技基金A類單位 (美元 累積收益單位) (每月投資計劃)","行業股票 - 科技","行業股票 - 科技","恒生投資管理有限公司",N,N,52.4198,30-09-2026,美元,4,45.81,-0.05,5.35,-1.28,49.88,53.93,29.1,41.59,15.57,0,30-09-2026,1,HK0000284668,4,"","","","","綜合"
U50019,"高盛全球未來科技龍頭股票投資組合 (其他貨幣類股份 港元 累積)","行業股票 - 科技","行業股票 - 科技","高盛資產管理（香港）有限公司",N,N,150.58,02-10-2026,港元,4,51.08,1.98,9.81,-1.48,48.47,52.89,13.85,34.85,0,0,30-09-2026,1.5,LU2417543084,3,"","","","","綜合"
U50018,"高盛全球未來科技龍頭股票投資組合 (基準貨幣股份 美元 累積)","行業股票 - 科技","行業股票 - 科技","高盛資產管理（香港）有限公司",N,N,28.21,02-10-2026,美元,4,49.97,1.95,9.77,-1.54,48.32,51.67,14.62,34.5,14.23,0,30-09-2026,1.5,LU2094235293,2,"","","","","綜合"
U44602,"駿利亨德森環球科技及創新基金 A2類股份 (港元 累積)","行業股票 - 科技","行業股票 - 科技","駿利亨德森投資",N,N,84.72,02-10-2026,港元,4,34.84,2.52,8.08,5.48,42.99,34.56,30.82,51.86,16.31,0,30-09-2026,1.5,IE00B5949003,4,"","","","","綜合"
U45533,"安聯中國未來科技基金 A類收息股份 (美元)","行業股票 - 科技","行業股票 - 科技","安聯環球投資亞太有限公司",N,N,15.9783,30-09-2026,美元,5,2.24,-4.41,-6.6,-18.2,6.49,-5.75,0,0,0,0,30-09-2026,2.25,LU2778985437,,"","","","","綜合"
U44941,"安聯環球人工智能股票基金 AT類累積股份(港元)","行業股票 - 科技","行業股票 - 科技","安聯環球投資亞太有限公司",N,Y,34.8386,02-10-2026,港元,5,20.74,1.37,4.2,-5.6,20.83,24.51,16.02,49.21,8.56,0,30-09-2026,2.05,LU1720051108,2,"","","","","綜合"
U44194,"安聯全球高成長科技基金A類收息股份 (美元)","行業股票 - 科技","行業股票 - 科技","安聯環球投資亞太有限公司",N,N,100.3701,02-10-2026,美元,5,31.98,1.42,7.19,3.98,34.48,34.02,30.38,41.36,20.52,1.12,30-09-2026,2.05,LU0348723411,4,"","","","","綜合"
U44755,"JPM美國科技(美元)A股(分派)","行業股票 - 科技","行業股票 - 科技","摩根資產管理",N,Y,80.6,02-10-2026,美元,4,18.53,1.96,10.64,-0.91,35.28,15.75,27.24,65.71,12.75,0.01,30-09-2026,1.5,LU0082616367,3,"","","","","綜合"
U45221,"恒生科技指數ETF非上市A類單位(港元 累積) (每月投資計劃)","行業股票 - 科技","行業股票 - 科技","恒生投資管理有限公司",N,Y,5.9068,30-09-2026,港元,4,-22.56,-2.86,-7.91,-4.82,-8.06,-33.99,19.01,-8.96,0,0,30-09-2026,0.55,HK0000706116,1,"","","","","綜合"
U42867,"貝萊德全球基金 - 世界科技基金A2類股份 (美元)","行業股票 - 科技","行業股票 - 科技","貝萊德資產管理北亞有限公司",N,N,157.62,02-10-2026,美元,5,40.43,2.16,10.87,2.62,50.1,37.92,32.5,49.78,8.01,0,30-09-2026,1.5,LU0056508442,4,"","","","","綜合"
U45103,"富蘭克林科技基金A類 (港元 累積)","行業股票 - 科技","行業股票 - 科技","富蘭克林鄧普頓投資",N,Y,107.48,02-10-2026,港元,4,35.11,2.36,10.64,8.12,42.93,32.67,25.22,52.77,23.87,0,30-09-2026,1.5,LU0889565833,3,"","","","","綜合"
U45315,"高盛全球未來科技龍頭股票投資組合 (其他貨幣類股份 港元 累積)(每月投資計劃)","行業股票 - 科技","行業股票 - 科技","高盛資產管理（香港）有限公司",N,N,150.58,02-10-2026,港元,4,51.08,1.98,9.81,-1.48,48.47,52.89,13.85,34.85,0,0,30-09-2026,1.5,LU2417543084,3,"","","","","綜合"
U45144,"恒生科技指數ETF非上市A類單位(港元 累積)","行業股票 - 科技","行業股票 - 科技","恒生投資管理有限公司",Y,Y,5.9068,30-09-2026,港元,4,-22.56,-2.86,-7.91,-4.82,-8.06,-33.99,19.01,-8.96,0,0,30-09-2026,0.55,HK0000706116,1,"","","","","綜合"
U45559,"恒生環球科技基金A類單位(港元 累積收益單位)","行業股票 - 科技","行業股票 - 科技","恒生投資管理有限公司",Y,Y,18.7012,30-09-2026,港元,4,47.01,-0.02,5.42,-1.23,50.06,55.19,0,0,0,0,30-09-2026,1,HK0001053609,,"","","","","綜合"
U44942,"安聯環球人工智能股票基金 AT類累積股份(歐元)","行業股票 - 科技","行業股票 - 科技","安聯環球投資亞太有限公司",N,Y,390.73,02-10-2026,歐羅,5,24.93,2.59,7.13,-4.24,23.62,28.96,23.74,43.63,16.98,0,30-09-2026,2.05,LU1548497699,2,"","","","","綜合"
U43924,"富蘭克林科技基金A類 (美元 累積)","行業股票 - 科技","行業股票 - 科技","富蘭克林鄧普頓投資",N,Y,81.44,02-10-2026,美元,4,33.99,2.32,10.56,8.05,42.78,31.59,25.91,52.7,23.18,0,30-09-2026,1.5,LU0109392836,3,"","","","","綜合"
U43818,"聯博 - 國際科技基金A類股份 (美元)","行業股票 - 科技","行業股票 - 科技","聯博香港有限公司",N,Y,1648.23,02-10-2026,美元,5,40.22,2.11,10.33,2.54,39.66,44.35,31.66,45.13,14.68,0,30-09-2026,2,LU0060230025,4,"","","","","綜合"
U42015,"富達基金 - 瑞士基金A類別股份 (瑞士法郎 派息股份)","瑞士大型股票","瑞士大型股票","富達基金(香港)有限公司",N,N,87.69,02-10-2026,瑞士法郎,3,9.22,-0.68,-1.45,-1.24,10.9,13.72,5.03,3.68,21.84,0,30-09-2026,1.5,LU0054754816,1,"","","","","綜合"
U43352,"景順英國動力基金","英國大型股票","英國大型股票","景順投資管理有限公司",N,N,14.48,02-10-2026,英鎊,3,6.58,-1.9,-2.82,-0.21,2.99,12.8,9.19,5.21,27.93,1.35,30-09-2026,1.3,LU1775979708,3,"","","","","綜合"
U42350,"恒生英國指數基金A類單位 (美元)","英國大型股票","英國大型股票","恒生投資管理有限公司",Y,Y,22.73,30-09-2026,美元,3,7.07,-1.43,-4.13,0.84,5.67,14.8,6.17,12.04,15.01,0,30-09-2026,1,HK0000284817,3,"","","","","綜合"
U42356,"恒生英國指數基金A類單位 (美元) (每月投資計劃)","英國大型股票","英國大型股票","恒生投資管理有限公司",N,Y,22.73,30-09-2026,美元,3,7.07,-1.43,-4.13,0.84,5.67,14.8,6.17,12.04,15.01,0,30-09-2026,1,HK0000284817,3,"","","","","綜合"
U42467,"施羅德環球基金系列 - 英國股票A類股份 (英鎊 累積單位)","英國靈活型股票","英國靈活型股票","施羅德投資管理(香港)有限公司",N,N,5.1996,02-10-2026,英鎊,3,2.32,-1.87,-2.46,0.14,3.22,3.95,-0.79,7.64,12.72,0,30-09-2026,1.1,LU0106244527,1,"","","","","靈活型"
U50001,"富達基金 - 英國特別機會基金A類別股份  (英鎊 派息股份)","英國靈活型股票","英國靈活型股票","富達基金(香港)有限公司",N,N,1.764,02-10-2026,英鎊,3,9.54,-1.73,-1.4,4.31,10.35,15.76,15.18,4.92,0,1.57,30-09-2026,1.5,LU2219351520,4,"","","","","靈活型"
U44529,"百達-智能城市-P每月派息歐元股份類別 (歐元 每月派息-現金派息)","環球大型均衡型股票","環球大型均衡型股票","瑞士百達資產管理",N,N,161.01,02-10-2026,歐羅,3,4.24,0.28,0.23,-4.21,7.62,1.93,12.56,13.74,15.79,0,30-09-2026,1.6,LU0550966351,1,"","","","","大型"
U42687,"富達基金 - 世界基金A類別股份 (歐元 派息股份)","環球大型均衡型股票","環球大型均衡型股票","富達基金(香港)有限公司",N,N,54.07,02-10-2026,歐羅,3,15.17,0.88,2.27,2.56,17.16,18.29,20.3,17.01,23.06,0,30-09-2026,1.5,LU0069449576,3,"","","","","大型"
U43905,"鄧普頓環球焦點基金A類 (美元 累積)","環球大型均衡型股票","環球大型均衡型股票","富蘭克林鄧普頓投資",N,N,52.26,02-10-2026,美元,3,-1.47,0,-0.76,-2.35,5.81,0.83,2.78,18.16,3.3,0,30-09-2026,1.5,LU0128525929,1,"","","","","大型"
U43898,"鄧普頓環球領先基金A類 (美元 累積)","環球大型均衡型股票","環球大型均衡型股票","富蘭克林鄧普頓投資",N,N,25.12,02-10-2026,美元,3,8.23,-0.55,2.11,1.7,14.97,10.56,13.94,13.43,8.2,0,30-09-2026,1.5,LU0211327993,2,"","","","","大型"
U44591,"滙豐環球投資基金 - 環球股票專注波幅AM2類 (美元 每月分派-現金派息)","環球大型均衡型股票","環球大型均衡型股票","滙豐環球投資管理 (香港) 有限公司",N,Y,18.575,02-10-2026,美元,3,11.98,-0.88,-1.27,1.24,9.64,16.71,14.72,14.84,12.35,2.2,30-09-2026,0.8,LU1066051498,4,"","","","","大型"
U45407,"滙豐環球投資基金 – 氣候轉型環球股票ADHKD類 (港元 每年分派- 現金派息)","環球大型均衡型股票","環球大型均衡型股票","滙豐環球投資管理 (香港) 有限公司",N,Y,23.094,02-10-2026,港元,3,13.07,-0.2,-0.17,2.42,14.58,20.15,13.78,20.69,20.97,0.32,30-09-2026,0.8,LU1778281490,4,"","","","","大型"
U45406,"滙豐環球投資基金 – 氣候轉型環球股票AC類 (美元 累積)","環球大型均衡型股票","環球大型均衡型股票","滙豐環球投資管理 (香港) 有限公司",N,Y,25.39,02-10-2026,美元,3,12.12,-0.24,-0.24,2.36,14.44,19.16,14.52,20.38,20.22,0,30-09-2026,0.8,LU1674673428,4,"","","","","大型"
U45306,"JPM GL RESEARCH ENHANCED IDX EQY A (DIST) USD","環球大型均衡型股票","環球大型均衡型股票","摩根資產管理",N,N,196.22,02-10-2026,美元,3,11.04,-0.31,-0.23,1.61,15.2,14.52,18.27,25.26,0,0.73,30-09-2026,0.38,LU2402383140,4,"","","","","大型"
U44765,"聯博 - 低波幅策略股票基金AD類股份 (美元 每月派息-現金派息)","環球大型均衡型股票","環球大型均衡型股票","聯博香港有限公司",N,Y,27.07,02-10-2026,美元,3,5.12,-0.47,-1.09,2.82,10.77,4.81,15.72,18.38,19.11,4.47,30-09-2026,1.5,LU0965508806,3,"","","","","大型"
U40319,"滙豐增長管理基金A類 (港元)","環球大型均衡型股票","環球大型均衡型股票","滙豐環球投資管理 (香港) 有限公司",N,N,36.52,30-09-2026,港元,3,8.95,-1.19,-2.35,-0.05,10.77,10.63,10.19,5.12,3.93,0,30-09-2026,1.5,HK0000434321,2,"","","","","大型"
U45233,"INVESCO GLOBAL EQUITY FUND A (USD ADIS)","環球大型均衡型股票","環球大型均衡型股票","景順投資管理有限公司",N,N,12.01,02-10-2026,美元,3,6.66,-1.07,-1.56,0.59,13.09,7.52,19.98,34.47,0,0,30-09-2026,1.4,LU2382294481,,"","","","","大型"
U43809,"滙豐增長管理基金A類 (港元) (每月投資計劃)","環球大型均衡型股票","環球大型均衡型股票","滙豐環球投資管理 (香港) 有限公司",N,N,36.52,30-09-2026,港元,3,8.95,-1.19,-2.35,-0.05,10.77,10.63,10.19,5.12,3.93,0,30-09-2026,1.5,HK0000434321,2,"","","","","大型"
U42271,"恒生環球高增長基金A類單位 (美元)","環球大型均衡型股票","環球大型均衡型股票","恒生投資管理有限公司",Y,Y,52.8487,30-09-2026,美元,3,17.33,-0.53,-0.28,-0.51,22.48,23.03,14.33,19.19,12.2,0,30-09-2026,1,HK0000284635,3,"","","","","大型"
U44527,"百達-智能城市-P每年派息美元股份類別 (美元 每年派息-現金派息)","環球大型均衡型股票","環球大型均衡型股票","瑞士百達資產管理",N,N,177.01,02-10-2026,美元,3,0.2,-0.84,-2.61,-5.68,5.23,-1.97,5.51,17.79,7.06,0,30-09-2026,1.6,LU0503635467,1,"","","","","大型"
U44592,"滙豐環球投資基金 - 環球股票專注波幅AM2類 (港元 每月分派-現金派息)","環球大型均衡型股票","環球大型均衡型股票","滙豐環球投資管理 (香港) 有限公司",N,Y,18.804,02-10-2026,港元,3,12.91,-0.84,-1.2,1.3,9.78,17.68,13.97,15.13,13.04,2.19,30-09-2026,0.8,LU1066051811,4,"","","","","大型"
U44766,"聯博 - 低波幅策略股票基金AD類股份 (港元 每月派息-現金派息)","環球大型均衡型股票","環球大型均衡型股票","聯博香港有限公司",N,Y,212.69,02-10-2026,港元,3,5.98,-0.45,-1.02,2.86,10.92,5.71,15.12,18.43,19.82,4.44,30-09-2026,1.5,LU1037948897,3,"","","","","大型"
U45127,"高盛全球CORE股票投資組合 (基準貨幣類股份 美元 累積 收盤價)","環球大型均衡型股票","環球大型均衡型股票","高盛資產管理（香港）有限公司",N,Y,52.09,02-10-2026,美元,3,10.22,-0.55,-0.82,0.42,11.83,14.26,20.73,22.82,21.4,0,30-09-2026,1.25,LU0234570918,4,"","","","","大型"
U44682,"晉達環球策略基金 - 環球策略股票基金A類別 (美元 累積股份)","環球大型均衡型股票","環球大型均衡型股票","晉達資產管理香港有限公司",N,N,64.14,02-10-2026,美元,3,13.48,-0.64,-0.82,2.36,14.86,14.52,16.09,21.79,19.59,0,30-09-2026,1.5,LU0345770308,3,"","","","","大型"
U42627,"霸菱環球領先基金A類別 (歐元 收益)","環球大型均衡型股票","環球大型均衡型股票","霸菱資產管理(亞洲)有限公司",N,N,31.65,02-10-2026,歐羅,3,8.65,0.76,4.42,4.46,18.58,7.62,25.52,9.45,17.07,0,30-09-2026,1.5,IE0030016350,2,"","","","","大型"
U42280,"恒生環球高增長基金A類單位 (美元) (每月投資計劃)","環球大型均衡型股票","環球大型均衡型股票","恒生投資管理有限公司",N,Y,52.8487,30-09-2026,美元,3,17.33,-0.53,-0.28,-0.51,22.48,23.03,14.33,19.19,12.2,0,30-09-2026,1,HK0000284635,3,"","","","","大型"
U43159,"富達基金 - 環球焦點基金A類別股份 (美元 派息股份)","環球大型均衡型股票","環球大型均衡型股票","富達基金(香港)有限公司",N,N,144.6,02-10-2026,美元,3,-1.5,-0.82,-1.09,-0.48,10.3,1.33,11.91,21.21,13.63,0,30-09-2026,1.5,LU0157215616,3,"","","","","大型"
U45118,"安聯全球永續發展基金AM類收息股份 (港元 每月派息-現金派息)","環球大型均衡型股票","環球大型均衡型股票","安聯環球投資亞太有限公司",N,N,16.8598,02-10-2026,港元,3,0.02,-0.36,-1.3,-0.33,8.54,1.71,2.88,24.15,24.86,5.03,30-09-2026,1.8,LU2111349929,1,"","","","","大型"
U39961,"貝萊德全球基金 - 環球遠見股票基金A2類股份 (美元)","環球大型均衡型股票","環球大型均衡型股票","貝萊德資產管理北亞有限公司",N,N,109.02,02-10-2026,美元,3,0.11,-1.25,-0.41,1.66,9.59,1.51,11.45,13.3,19.62,0,30-09-2026,1.5,LU0011850046,2,"","","","","大型"
U43685,"貝萊德全球基金—可持續環球動力股票基金A2類股份 (美元)","環球大型均衡型股票","環球大型均衡型股票","貝萊德資產管理北亞有限公司",N,N,45.92,02-10-2026,美元,3,10.49,-0.17,1.17,1.19,20.21,15.09,15.49,17.04,14.78,0,30-09-2026,1.5,LU0238689110,3,"","","","","大型"
U44530,"百達-智能城市-P每年派息英鎊股份類別 (英鎊 每年派息-現金派息)","環球大型均衡型股票","環球大型均衡型股票","瑞士百達資產管理",N,N,141.67,02-10-2026,英鎊,3,1.94,-0.76,-0.62,-4.64,5.24,-0.18,7.66,12.19,8.64,0,30-09-2026,1.2,LU0503635970,1,"","","","","大型"
U45450,"恒生環球高增長基金A類單位(港元 累積)","環球大型均衡型股票","環球大型均衡型股票","恒生投資管理有限公司",Y,Y,16.0808,30-09-2026,港元,3,18.3,-0.51,-0.21,-0.45,22.62,24.02,13,0,0,0,30-09-2026,1,HK0000971355,,"","","","","大型"
U42628,"霸菱環球領先基金A類別 (英鎊 收益)","環球大型均衡型股票","環球大型均衡型股票","霸菱資產管理(亞洲)有限公司",N,N,26.93,02-10-2026,英鎊,3,5.86,-0.41,3.5,3.86,15.53,4.99,19.92,7.21,9.35,0,30-09-2026,1.5,IE0030016467,2,"","","","","大型"
U42626,"霸菱環球領先基金A類別 (美元 收益)","環球大型均衡型股票","環球大型均衡型股票","霸菱資產管理(亞洲)有限公司",N,N,35.56,02-10-2026,美元,3,3.92,-0.67,1.37,2.89,15.72,2.89,18,13.52,7.96,0,30-09-2026,1.5,IE0030016244,2,"","","","","大型"
U43686,"貝萊德全球基金—可持續環球動力股票基金A2類股份 (歐元)","環球大型均衡型股票","環球大型均衡型股票","貝萊德資產管理北亞有限公司",N,N,40.73,02-10-2026,歐羅,3,14.96,0.94,4.12,2.75,22.94,19.69,23.23,13,24.17,0,30-09-2026,1.5,LU0238689623,3,"","","","","大型"
U44188,"施羅德環球基金系列 - 環球進取股票A類股份 (美元 累積單位)","環球大型均衡型股票","環球大型均衡型股票","施羅德投資管理(香港)有限公司",N,N,496.5735,02-10-2026,美元,3,7.46,-0.32,-0.38,3.08,16.17,9.78,18.56,20.48,20.76,0,30-09-2026,1.5,LU0225283273,4,"","","","","大型"
U43951,"鄧普頓環球領先基金A類 (歐元 累積)","環球大型均衡型股票","環球大型均衡型股票","富蘭克林鄧普頓投資",N,N,28.05,02-10-2026,歐羅,3,12.97,0.65,5.13,3.24,17.81,15.1,21.47,9.92,16.24,0,30-09-2026,1.5,LU0211332647,2,"","","","","大型"
U45128,"高盛全球CORE股票投資組合 (其他貨幣類股份 港元 累積 收盤價)","環球大型均衡型股票","環球大型均衡型股票","高盛資產管理（香港）有限公司",N,Y,243.88,02-10-2026,港元,3,11.12,-0.51,-0.75,0.49,11.98,15.22,19.98,23.14,22.11,0,30-09-2026,1.25,LU1932893552,4,"","","","","大型"
U44953,"東方匯理香港組合 - 創新動力股票基金普通類別港元 - 分派 (現金派息)","環球大型增長型股票","環球大型增長型股票","東方匯理資產管理香港有限公司",Y,Y,22.09,30-09-2026,港元,4,18.31,0,1.65,1.3,29.89,20.91,21.06,30.31,1.23,0.88,30-09-2026,1.65,HK0000352986,3,"","","","","大型增長"
U44814,"聯博－環球可持續趨勢基金AX類美元","環球大型增長型股票","環球大型增長型股票","聯博香港有限公司",N,N,131.37,02-10-2026,美元,3,2.66,-0.06,0.5,-0.28,10.49,-1.02,5.06,14.67,21.39,0,30-09-2026,1.7,LU0057025933,2,"","","","","大型增長"
U23542,"富達基金 - 環球主題機遇基金A類別股份 (美元 派息股份)","環球大型增長型股票","環球大型增長型股票","富達基金(香港)有限公司",N,N,104.3,02-10-2026,美元,3,12.15,0,-0.19,1.56,15.35,14.7,10.48,14.94,16,0,30-09-2026,1.5,LU0048584097,3,"","","","","大型增長"
U45712,"FTGF 凱利環球增長型領先基金A 類美元累積","環球大型增長型股票","環球大型增長型股票","美盛資產管理香港有限公司",N,N,224.63,02-10-2026,美元,3,1.98,-0.56,0.45,-1.42,8.7,1.23,18.23,21.46,11.23,0,30-09-2026,1.3,IE00BG1D7R55,4,"","","","","大型增長"
U44787,"晉達環球策略基金 - 環球特許品牌基金A類別 (港元 收益-2股份 每月派息-現金派息)","環球大型增長型股票","環球大型增長型股票","晉達資產管理香港有限公司",N,Y,221.11,02-10-2026,港元,3,-3.67,-1.08,-5.22,-2.61,5.33,-1.71,6.18,18.4,18.52,0.89,30-09-2026,1.5,LU1043141123,3,"","","","","大型增長"
U45798,"資本集團 - 新視野基金（盧森堡）B類 (港元 累積股份)","環球大型增長型股票","環球大型增長型股票","資本集團",N,Y,240.3848,02-10-2026,港元,3,6.99,-0.7,0.36,0.51,11.53,8.42,14.59,23.28,17.28,0,30-09-2026,1.5,LU2227625451,4,"","","","","大型增長"
U44952,"東方匯理香港組合 - 創新動力股票基金普通類別美元 - 分派 (現金派息)","環球大型增長型股票","環球大型增長型股票","東方匯理資產管理香港有限公司",Y,Y,21.97,30-09-2026,美元,4,17.35,-0.05,1.56,1.26,29.79,19.93,21.65,30.22,0.69,0.88,30-09-2026,1.65,HK0000352978,3,"","","","","大型增長"
U45225,"東方匯理香港組合 - 創新動力股票基金普通類別港元 - 分派 (現金派息)(每月投資計劃)","環球大型增長型股票","環球大型增長型股票","東方匯理資產管理香港有限公司",N,Y,22.09,30-09-2026,港元,4,18.31,0,1.65,1.3,29.89,20.91,21.06,30.31,1.23,0.88,30-09-2026,1.65,HK0000352986,3,"","","","","大型增長"
U45139,"高盛全球新世代股票投資組合  (其他貨幣類股份 港元 累積)","環球大型增長型股票","環球大型增長型股票","高盛資產管理（香港）有限公司",N,N,124.57,02-10-2026,港元,3,4.44,0.45,2.43,-0.45,18.18,3.98,25.58,21.51,7.92,0,30-09-2026,1.5,LU2254254340,2,"","","","","大型增長"
U45148,"聯博 - 環球可持續趨勢基金A類股份 (美元 累積)","環球大型增長型股票","環球大型增長型股票","聯博香港有限公司",N,Y,44.81,02-10-2026,美元,3,2.66,-0.07,0.49,-0.29,10.48,-1.04,5.06,14.68,21.38,0,30-09-2026,1.7,LU0069063385,2,"","","","","大型增長"
U43659,"聯博 - 環球增長基金 AX 類股份 (美元)","環球大型增長型股票","環球大型增長型股票","聯博香港有限公司",N,N,30.61,02-10-2026,美元,3,0.96,0,-1.39,-0.81,13.67,-2.92,0,0,0,0,30-09-2026,1.6,LU0175139822,,"","","","","大型增長"
U45130,"高盛全球新世代股票投資組合 (基準貨幣類股份 美元 累積)","環球大型增長型股票","環球大型增長型股票","高盛資產管理（香港）有限公司",N,N,35.01,02-10-2026,美元,3,3.61,0.43,2.37,-0.48,18.04,3.12,26.4,21.21,7.38,0,30-09-2026,1.5,LU0786609619,2,"","","","","大型增長"
U45713,"FTGF 凱利環球增長型領先基金A 類港元累積","環球大型增長型股票","環球大型增長型股票","美盛資產管理香港有限公司",N,N,100.6,02-10-2026,港元,3,2.83,-0.51,0.53,-1.37,8.82,0,0,0,0,0,,1.3,IE000QWG30Y4,,"","","","","大型增長"
U44786,"晉達環球策略基金 - 環球特許品牌基金A類別 (美元 收益-2股份 每月派息-現金派息)","環球大型增長型股票","環球大型增長型股票","晉達資產管理香港有限公司",N,Y,44.56,02-10-2026,美元,3,-4.47,-1.13,-5.28,-2.69,5.19,-2.53,6.75,18.26,17.82,0.9,30-09-2026,1.5,LU0994945656,3,"","","","","大型增長"
U45227,"聯博 - 環球可持續趨勢基金A類股份 (港元 累積) (每月投資計劃)","環球大型增長型股票","環球大型增長型股票","聯博香港有限公司",N,Y,351.66,02-10-2026,港元,3,3.51,-0.03,0.57,-0.22,10.63,-0.2,4.5,14.72,22.08,0,30-09-2026,1.7,LU0472753341,2,"","","","","大型增長"
U45797,"資本集團 - 新視野基金（盧森堡）B類 (美元 累積股份)","環球大型增長型股票","環球大型增長型股票","資本集團",N,Y,30.6324,02-10-2026,美元,3,6.1,-0.74,0.29,0.46,11.4,7.52,15.18,23.24,16.6,0,30-09-2026,1.5,LU1295551573,4,"","","","","大型增長"
U44750,"JPM環球增長(美元)A股(分派)","環球大型增長型股票","環球大型增長型股票","摩根資產管理",N,N,72.67,02-10-2026,美元,3,5.79,0.97,1.42,1.32,15.92,5.73,25.51,37.42,10.36,0.01,30-09-2026,1.5,LU0089639750,3,"","","","","大型增長"
U45149,"聯博 - 環球可持續趨勢基金A類股份 (港元 累積)","環球大型增長型股票","環球大型增長型股票","聯博香港有限公司",N,Y,351.66,02-10-2026,港元,3,3.51,-0.03,0.57,-0.22,10.63,-0.2,4.5,14.72,22.08,0,30-09-2026,1.7,LU0472753341,2,"","","","","大型增長"
U45245,"安聯全球靈活策略股票基金 AT類累積股份 (美元)","環球大型增長型股票","環球大型增長型股票","安聯環球投資亞太有限公司",N,N,44.0977,02-10-2026,美元,3,1.33,0.76,2.53,-0.12,14.08,1.29,-2.24,29.6,16.77,0,30-09-2026,2.05,LU0342679015,2,"","","","","大型增長"
U45224,"高盛全球新世代股票投資組合 (其他貨幣類股份 港元 累積)(每月投資計劃)","環球大型增長型股票","環球大型增長型股票","高盛資產管理（香港）有限公司",N,N,124.57,02-10-2026,港元,3,4.44,0.45,2.43,-0.45,18.18,3.98,25.58,21.51,7.92,0,30-09-2026,1.5,LU2254254340,2,"","","","","大型增長"
U43467,"富達基金 – 環球價值基金A類別股份 (美元 派息股份)","環球大型價值型股票","環球大型價值型股票","富達基金(香港)有限公司",N,N,44.79,02-10-2026,美元,3,0.76,-1.28,-2.44,0.49,9.3,0.43,11.12,23.79,23.56,0,30-09-2026,1.5,LU0187121727,,"","","","","大型價值"
U43923,"富蘭克林互惠環球探索基金A類 (美元 累積)","環球大型價值型股票","環球大型價值型股票","富蘭克林鄧普頓投資",N,N,32.68,02-10-2026,美元,3,1.97,-2.48,-5.55,-0.46,4.81,5.45,1.59,18.98,17.9,0,30-09-2026,1.5,LU0211331839,2,"","","","","大型價值"
U45734,"首源RQI全球價值基金第一類 (美元 每月分派-現金派息)","環球大型價值型股票","環球大型價值型股票","首源投資(香港)有限公司",N,Y,12.0525,02-10-2026,美元,3,12.06,-1.46,-2.77,2.92,11.59,16.2,0,0,0,4.74,30-09-2026,1,IE0000B7K699,,"","","","","大型價值"
U45735,"首源RQI全球價值基金第一類 (港元 每月分派-現金派息)","環球大型價值型股票","環球大型價值型股票","首源投資(香港)有限公司",N,Y,116.6795,02-10-2026,港元,3,12.98,-1.42,-2.72,2.96,11.71,17.19,0,0,0,4.72,30-09-2026,1,IE00059PU8Y0,,"","","","","大型價值"
U44594,"聯博 - 環球價值基金AD類股份 (美元 每月派息-現金派息)","環球大型價值型股票","環球大型價值型股票","聯博香港有限公司",N,Y,21.46,02-10-2026,美元,3,10.79,-1.01,-3.97,0.35,8.02,15.64,9.8,17.21,17.22,3.6,30-09-2026,1.5,LU1035773651,2,"","","","","大型價值"
U43574,"聯博 - 環球價值基金A類股份 (美元)","環球大型價值型股票","環球大型價值型股票","聯博香港有限公司",N,Y,34,02-10-2026,美元,3,10.82,-0.99,-3.95,0.35,8.01,15.69,9.8,17.17,17.25,0,30-09-2026,1.5,LU0124673897,2,"","","","","大型價值"
U45163,"聯博 - 環球價值基金AD類股份 (港元 每月派息 - 現金派息)","環球大型價值型股票","環球大型價值型股票","聯博香港有限公司",N,Y,168.57,02-10-2026,港元,3,11.75,-0.94,-3.88,0.43,8.13,16.64,9.22,17.22,17.9,3.58,30-09-2026,1.5,LU1069347547,2,"","","","","大型價值"
U45514,"百達 - 保安 P 港元累積","環球靈活市值型股票","環球靈活市值型股票","瑞士百達資產管理",N,Y,4207.57,02-10-2026,港元,4,38.84,3.14,12.83,6.17,50.68,31.01,0,0,0,0,30-09-2026,1.6,LU2799963645,,"","","","",""
U44758,"百達 - 保安 P 歐元累積","環球靈活市值型股票","環球靈活市值型股票","瑞士百達資產管理",N,N,475.61,02-10-2026,歐羅,4,43.3,4.25,16.05,7.77,53.92,35.12,19.96,16.68,30.92,0,30-09-2026,1.6,LU0270904781,3,"","","","",""
U44609,"百達 - 全球趨勢精選-P美元股份類別 (美元)","環球靈活市值型股票","環球靈活市值型股票","瑞士百達資產管理",N,N,479.69,02-10-2026,美元,3,8.27,0.36,0.29,-0.63,17.5,9.21,6.98,20.49,10.21,0,30-09-2026,1.6,LU0386859887,3,"","","","",""
U44757,"百達 - 保安 P 美元累積","環球靈活市值型股票","環球靈活市值型股票","瑞士百達資產管理",N,Y,536.26,02-10-2026,美元,4,37.76,3.1,12.77,6.12,50.51,29.96,12.46,20.83,21.05,0,30-09-2026,1.6,LU0256846139,3,"","","","",""
U44610,"百達 - 全球趨勢精選-P港元股份類別 (港元)","環球靈活市值型股票","環球靈活市值型股票","瑞士百達資產管理",N,N,3764.14,02-10-2026,港元,3,9.14,0.39,0.35,-0.57,17.65,10.12,6.32,20.78,10.84,0,30-09-2026,1.6,LU1032529114,3,"","","","",""
U44574,"霸菱德國增長基金A類別 (美元 累計)","德國股票","德國股票","霸菱資產管理(亞洲)有限公司",N,N,18.49,02-10-2026,美元,4,-2.68,-2.53,-4.98,-2.27,5.66,-2.58,7.49,18.38,16.42,0.13,30-09-2026,1.5,GB00BF2H6K58,4,"","","","","綜合"
U42565,"霸菱德國增長基金A類別 (歐元 累計)","德國股票","德國股票","霸菱資產管理(亞洲)有限公司",N,N,16.47,02-10-2026,歐羅,4,1.79,-1.08,-2.08,-0.72,8.28,1.92,14.4,14.03,26.34,0.19,30-09-2026,1.5,GB0008192063,4,"","","","","綜合"
U39809,"霸菱德國增長基金A類別 (英鎊 累計)","德國股票","德國股票","霸菱資產管理(亞洲)有限公司",N,N,14,02-10-2026,英鎊,4,-0.85,-2.3,-3.05,-1.41,5.42,-0.64,9.26,11.85,18,0.31,30-09-2026,1.5,GB0000822576,4,"","","","","綜合"
U42320,"富達基金 - 德國基金A類別股份 (歐元 派息股份)","德國股票","德國股票","富達基金(香港)有限公司",N,N,93.21,02-10-2026,歐羅,3,4.33,-0.88,-1.34,-2.98,11.62,3.42,16.72,13.86,12.03,0,30-09-2026,1.5,LU0048580004,4,"","","","","綜合"
U42322,"富達基金 - 意大利基金A類別股份 (歐元 派息股份)","意大利股票","意大利股票","富達基金(香港)有限公司",N,N,87.6,02-10-2026,歐羅,4,12.36,-1.42,-1.31,-2.88,17.39,16.36,10.77,27.41,34.02,1.22,30-09-2026,1.5,LU0048584766,3,"","","","","綜合"
U42321,"富達基金 - 西班牙/葡萄牙基金A類別股份 (歐元 派息股份)","西班牙股票","西班牙股票","富達基金(香港)有限公司",N,N,158.1,02-10-2026,歐羅,3,11.25,-2.77,-2.23,0.64,9.56,18.97,17.22,27.46,5.84,0.76,30-09-2026,1.5,LU0048581077,4,"","","","","綜合"
U44801,"晉達環球策略基金 ─ 環球黃金基金A類別 (美元 累積股份)","行業股票 - 貴金屬","行業股票 - 貴金屬","晉達資產管理香港有限公司",N,Y,59.43,02-10-2026,美元,5,3.45,-4.59,-7.63,14.46,-1.88,23.89,8.27,8.89,-11.91,0,30-09-2026,1.5,LU0345780281,3,"","","","","綜合"
U39965,"貝萊德全球基金 - 世界黃金基金A2類股份 (美元)","行業股票 - 貴金屬","行業股票 - 貴金屬","貝萊德資產管理北亞有限公司",N,Y,103.97,02-10-2026,美元,5,3.48,-3.38,-7.58,12.85,-3.49,23.09,13.58,6.46,-10.59,0,30-09-2026,1.75,LU0055631609,3,"","","","","綜合"
U44790,"施羅德環球基金系列-環球黃金A類股份 (美元 累積)","行業股票 - 貴金屬","行業股票 - 貴金屬","施羅德投資管理(香港)有限公司",N,Y,425.3791,02-10-2026,美元,5,5.39,-4.45,-5.52,13.74,-4.17,24.53,16.91,13.46,-18.52,0,30-09-2026,1.5,LU1223082196,4,"","","","","綜合"
U43861,"貝萊德全球基金 - 世界黃金基金A2類股份 (美元) (每月投資計劃)","行業股票 - 貴金屬","行業股票 - 貴金屬","貝萊德資產管理北亞有限公司",N,Y,103.97,02-10-2026,美元,5,3.48,-3.38,-7.58,12.85,-3.49,23.09,13.58,6.46,-10.59,0,30-09-2026,1.75,LU0055631609,3,"","","","","綜合"
U42669,"貝萊德全球基金 - 世界黃金基金A2類股份 (歐元)","行業股票 - 貴金屬","行業股票 - 貴金屬","貝萊德資產管理北亞有限公司",N,Y,92.22,02-10-2026,歐羅,5,7.66,-2.29,-4.89,14.6,-1.3,27.98,21.17,2.84,-3.3,0,30-09-2026,1.75,LU0171305526,3,"","","","","綜合"
U45874,"施羅德環球基金系列-環球黃金A類股份 (港元 累積)","行業股票 - 貴金屬","行業股票 - 貴金屬","施羅德投資管理(香港)有限公司",N,Y,305.1213,02-10-2026,港元,5,6.23,-4.42,-5.48,13.8,-4.06,25.56,15.97,12.99,0,0,30-09-2026,1.5,LU2275660947,4,"","","","","綜合"
U21168,"景順東協基金","東協國家股票","東協國家股票","景順投資管理有限公司",N,N,121.52,02-10-2026,美元,4,3.86,-1.57,-2.73,2.23,6.77,6.62,7.71,0.46,1.54,1.69,30-09-2026,1.5,LU1775947333,3,"","","","","綜合"
U83535,"摩根東協(美元)(累計)","東協國家股票","東協國家股票","摩根資產管理",Y,Y,190.68,30-09-2026,美元,4,6.47,-1.64,-3.7,3.54,8.09,9.81,12.38,-1.08,5.16,0,30-09-2026,1.5,HK0000055555,4,"","","","","綜合"
U43446,"滙豐環球投資基金 - 東協股票AD類 (美元)","東協國家股票","東協國家股票","滙豐環球投資管理 (香港) 有限公司",N,N,20.222,02-10-2026,美元,4,4.25,-2.16,-3.6,2.41,7.31,6.26,14.65,-8.49,4.19,1.74,30-09-2026,1.5,LU0210637038,4,"","","","","綜合"
U40078,"霸菱大東協基金A類別美元收益","東協國家股票","東協國家股票","霸菱資產管理(亞洲)有限公司",N,N,304.4,02-10-2026,美元,4,11.41,-2,-3.18,3.2,12.14,13.8,9.83,-1.55,12.46,1.78,30-09-2026,1.25,IE0000830236,4,"","","","","綜合"
U22744,"富達基金 - 東協基金A類別股份 (美元 派息股份)","東協國家股票","東協國家股票","富達基金(香港)有限公司",N,N,39.43,02-10-2026,美元,4,2.9,-2.06,-4.41,4.1,6.11,4.76,11.72,0.13,6.83,1.83,30-09-2026,1.5,LU0048573645,3,"","","","","綜合"
U44623,"摩根東協(港元)(累計)","東協國家股票","東協國家股票","摩根資產管理",Y,Y,16.15,30-09-2026,港元,4,7.38,-1.58,-3.58,3.59,8.17,10.77,11.74,-1.08,5.82,0,30-09-2026,1.5,HK0000123940,3,"","","","","綜合"
U42329,"霸菱大東協基金A類別歐元收益","東協國家股票","東協國家股票","霸菱資產管理(亞洲)有限公司",N,N,270.97,02-10-2026,歐羅,4,16.5,-0.57,-0.28,4.8,14.92,19.05,16.85,-5.11,21.95,1.72,30-09-2026,1.25,IE0004868828,3,"","","","","綜合"
U44759,"富達基金 - 東協基金A類別股份 (美元 累積股份)","東協國家股票","東協國家股票","富達基金(香港)有限公司",N,N,31.81,02-10-2026,美元,4,2.91,-2.06,-4.42,4.09,6.14,4.74,11.7,0.16,6.84,0,30-09-2026,1.5,LU0261945553,3,"","","","","綜合"
U44964,"JPM ASEAN EQUITY A (DIST) (USD)","東協國家股票","東協國家股票","摩根資產管理",N,N,134.12,02-10-2026,美元,4,6.63,-2.24,-4.11,1.62,6.73,8.83,12.51,-1.43,4.79,1.73,30-09-2026,1.5,LU1839390173,4,"","","","","綜合"
U43784,"滙豐環球投資基金 - 東協股票AD類 (美元) (每月投資計劃)","東協國家股票","東協國家股票","滙豐環球投資管理 (香港) 有限公司",N,N,20.222,02-10-2026,美元,4,4.25,-2.16,-3.6,2.41,7.31,6.26,14.65,-8.49,4.19,1.74,30-09-2026,1.5,LU0210637038,4,"","","","","綜合"
U44075,"施羅德環球基金系列 - 台灣股票 A類別 AV  (美元 收息單位-現金派息)","台灣大型股票","台灣大型股票","施羅德投資管理(香港)有限公司",N,N,64.2971,02-10-2026,美元,5,103.59,2.67,7.57,7.11,73.89,119.88,11.44,26.2,29.78,1.18,30-09-2026,1.5,LU0338530842,3,"","","","","綜合"
U44074,"施羅德環球基金系列 - 台灣股票A類股份 (美元 累積單位)","台灣大型股票","台灣大型股票","施羅德投資管理(香港)有限公司",N,N,108.8337,02-10-2026,美元,5,103.59,2.67,7.57,7.11,73.89,119.87,11.44,26.2,29.78,0,30-09-2026,1.5,LU0270814014,3,"","","","","綜合"
U36209,"JPM台灣(美元)A股(分派)","台灣大型股票","台灣大型股票","摩根資產管理",N,Y,81.48,02-10-2026,美元,4,83.61,0.33,3.52,1.36,57.9,94.05,13.8,32.43,32.8,0.05,30-09-2026,1.5,LU0117843481,2,"","","","","綜合"
U44099,"恒生臺灣指數基金A類單位 (美元) (每月投資計劃)","台灣大型股票","台灣大型股票","恒生投資管理有限公司",N,N,70.36,30-09-2026,美元,4,75.77,-1.66,4.73,6.03,68.12,90.42,21.96,22.81,22.48,0,30-09-2026,1,HK0000284809,2,"","","","","綜合"
U44096,"恒生臺灣指數基金A類單位 (美元)","台灣大型股票","台灣大型股票","恒生投資管理有限公司",Y,Y,70.36,30-09-2026,美元,4,75.77,-1.66,4.73,6.03,68.12,90.42,21.96,22.81,22.48,0,30-09-2026,1,HK0000284809,2,"","","","","綜合"
U45414,"宏利環球基金 - 亞太房地產投資信託產業基金AA類股份 (美元 每月派息 (G)-現金派息)","房地產 - 亞洲（間接）","房地產 - 亞洲（間接）","宏利資產管理(香港)有限公司",N,Y,0.5376,02-10-2026,美元,4,-7.4,-1.61,-5.56,-4.61,-3.34,-7.55,-12.46,0.39,-5.18,7.01,30-09-2026,1.5,LU1813982136,2,"","","","",""
U45415,"宏利環球基金 - 亞太房地產投資信託產業基金AA類股份 (港元 每月派息 (G)-現金派息)","房地產 - 亞洲（間接）","房地產 - 亞洲（間接）","宏利資產管理(香港)有限公司",N,Y,5.3712,02-10-2026,港元,4,-6.65,-1.56,-5.51,-4.56,-3.22,-6.79,-12.99,0.62,-4.64,6.95,30-09-2026,1.5,LU1813982482,2,"","","","",""
U44157,"富蘭克林中東北非基金A類 (美元 累積)","非洲及中東股票","非洲及中東股票","富蘭克林鄧普頓投資",N,N,11.04,02-10-2026,美元,4,1.56,-1.95,-2.65,-0.36,3.86,0,3.8,16.82,32.3,0,30-09-2026,2,LU0352132103,3,"","","","","綜合"
U45452,"摩根基金－中東、非洲及新興歐洲機會（美元）－ A股（分派）","非洲及中東股票","非洲及中東股票","摩根資產管理",N,N,154.86,02-10-2026,美元,4,4.65,-3.27,-5.28,1.66,5.43,7.83,11.96,0,0,2.32,30-09-2026,1.5,LU2539336235,5,"","","","","綜合"
U44168,"滙豐環球投資基金 - 巴西股票AD類 (美元) (每月投資計劃)","巴西股票","巴西股票","滙豐環球投資管理 (香港) 有限公司",N,N,15.091,02-10-2026,美元,4,11.89,0.79,-2.42,5.42,-4.6,20.99,-32.25,26.16,-28.7,2.37,30-09-2026,1.75,LU0196696701,2,"","","","","綜合"
U44381,"滙豐環球投資基金 - 巴西股票AD類 (港元)","巴西股票","巴西股票","滙豐環球投資管理 (香港) 有限公司",N,N,3.839,02-10-2026,港元,4,12.84,0.84,-2.37,5.47,-4.48,21.99,-32.71,26.49,-28.26,2.4,30-09-2026,1.75,LU0531971322,2,"","","","","綜合"
U44166,"滙豐環球投資基金 - 巴西股票AD類 (美元)","巴西股票","巴西股票","滙豐環球投資管理 (香港) 有限公司",N,N,15.091,02-10-2026,美元,4,11.89,0.79,-2.42,5.42,-4.6,20.99,-32.25,26.16,-28.7,2.37,30-09-2026,1.75,LU0196696701,2,"","","","","綜合"
U43856,"霸菱環球資源基金A類別 (美元 收益) (每月投資計劃）","行業股票 - 天然資源","行業股票 - 天然資源","霸菱資產管理(亞洲)有限公司",N,N,34.46,02-10-2026,美元,5,22.23,-2.07,-5.12,11.77,2.43,31.81,-5.72,2.92,16.88,0.56,30-09-2026,1.5,IE0000931182,3,"","","","","綜合"
U43862,"貝萊德全球基金 - 世界礦業基金A2類股份 (美元) (每月投資計劃)","行業股票 - 天然資源","行業股票 - 天然資源","貝萊德資產管理北亞有限公司",N,N,109.24,02-10-2026,美元,5,13.73,-2.15,-8.04,6.41,1.8,31.09,-10.91,-0.41,16.13,0,30-09-2026,1.75,LU0075056555,4,"","","","","綜合"
U43778,"JPM環球天然資源(歐元)A股(分派)","行業股票 - 天然資源","行業股票 - 天然資源","摩根資產管理",N,N,25.32,02-10-2026,歐羅,4,29.02,0.8,-1.63,15.08,3.61,39.09,-0.63,-2.4,30.83,0.6,30-09-2026,1.5,LU0208853514,4,"","","","","綜合"
U40060,"霸菱環球資源基金A類別 (美元 收益)","行業股票 - 天然資源","行業股票 - 天然資源","霸菱資產管理(亞洲)有限公司",N,N,34.46,02-10-2026,美元,5,22.23,-2.07,-5.12,11.77,2.43,31.81,-5.72,2.92,16.88,0.56,30-09-2026,1.5,IE0000931182,3,"","","","","綜合"
U44335,"JPM環球天然資源(美元)A股(累計)","行業股票 - 天然資源","行業股票 - 天然資源","摩根資產管理",N,Y,23.94,02-10-2026,美元,4,24.04,-0.29,-4.39,13.35,1.31,33.82,-6.82,1.09,20.91,0,30-09-2026,1.5,LU0266512127,4,"","","","","綜合"
U42668,"貝萊德全球基金 - 世界礦業基金A2類股份 (歐元)","行業股票 - 天然資源","行業股票 - 天然資源","貝萊德資產管理北亞有限公司",N,N,96.89,02-10-2026,歐羅,5,18.32,-1.05,-5.36,8.05,4.12,36.31,-4.95,-3.84,25.58,0,30-09-2026,1.75,LU0172157280,4,"","","","","綜合"
U42410,"貝萊德全球基金 - 世界礦業基金A2類股份 (美元)","行業股票 - 天然資源","行業股票 - 天然資源","貝萊德資產管理北亞有限公司",N,Y,109.24,02-10-2026,美元,5,13.73,-2.15,-8.04,6.41,1.8,31.09,-10.91,-0.41,16.13,0,30-09-2026,1.75,LU0075056555,4,"","","","","綜合"
U42434,"霸菱環球資源基金A類別 (歐元 收益)","行業股票 - 天然資源","行業股票 - 天然資源","霸菱資產管理(亞洲)有限公司",N,N,30.67,02-10-2026,歐羅,5,27.81,-0.65,-2.29,13.51,4.97,37.87,0.3,-0.79,26.71,0.54,30-09-2026,1.5,IE0004851352,3,"","","","","綜合"
U44348,"JPM環球天然資源(美元)A股(累計) (每月投資計劃)","行業股票 - 天然資源","行業股票 - 天然資源","摩根資產管理",N,Y,23.94,02-10-2026,美元,4,24.04,-0.29,-4.39,13.35,1.31,33.82,-6.82,1.09,20.91,0,30-09-2026,1.5,LU0266512127,4,"","","","","綜合"
U43857,"JPM環球天然資源(歐元)A股(分派) (每月投資計劃)","行業股票 - 天然資源","行業股票 - 天然資源","摩根資產管理",N,N,25.32,02-10-2026,歐羅,4,29.02,0.8,-1.63,15.08,3.61,39.09,-0.63,-2.4,30.83,0.6,30-09-2026,1.5,LU0208853514,4,"","","","","綜合"
U43858,"景順實現能源轉型基金A類股份 (美元 累積)（每月投資計劃）","行業股票 - 替代能源","行業股票 - 替代能源","景順投資管理有限公司",N,N,11.13,02-10-2026,美元,4,7.95,-1.68,-1.68,-2.62,7.95,5.7,-2.94,7.53,9.43,0,30-09-2026,1,LU0123357419,4,"","","","","綜合"
U42756,"貝萊德全球基金 - 可持續能源基金A2類股份 (美元)","行業股票 - 替代能源","行業股票 - 替代能源","貝萊德資產管理北亞有限公司",N,Y,23.03,02-10-2026,美元,5,10.83,1.54,0.48,-8.25,2.45,15.67,-9.04,12.76,15.73,0,30-09-2026,1.75,LU0124384867,4,"","","","","綜合"
U42630,"景順實現能源轉型基金A類股份 (美元 累積)","行業股票 - 替代能源","行業股票 - 替代能源","景順投資管理有限公司",N,N,11.13,02-10-2026,美元,4,7.95,-1.68,-1.68,-2.62,7.95,5.7,-2.94,7.53,9.43,0,30-09-2026,1,LU0123357419,4,"","","","","綜合"
U43859,"貝萊德全球基金 - 可持續能源基金A2類股份 (美元) (每月投資計劃)","行業股票 - 替代能源","行業股票 - 替代能源","貝萊德資產管理北亞有限公司",N,Y,23.03,02-10-2026,美元,5,10.83,1.54,0.48,-8.25,2.45,15.67,-9.04,12.76,15.73,0,30-09-2026,1.75,LU0124384867,4,"","","","","綜合"
U42757,"貝萊德全球基金 - 可持續能源基金A2類股份 (歐元)","行業股票 - 替代能源","行業股票 - 替代能源","貝萊德資產管理北亞有限公司",N,N,20.42,02-10-2026,歐羅,5,15.24,2.66,3.39,-6.84,4.77,20.19,-2.91,8.94,25.17,0,30-09-2026,1.75,LU0171289902,4,"","","","","綜合"
U45311,"晉達環球策略基金 - 環球環境基金基金A(港元 累積)(每月投資計劃)","行業股票 - 環境生態","行業股票 - 環境生態","晉達資產管理香港有限公司",N,Y,133.19,02-10-2026,港元,4,7.74,0.54,-2.1,-4.76,5.79,7.44,-1.57,4.84,11.41,0,30-09-2026,1.5,LU2238339852,2,"","","","","綜合"
U43906,"鄧普頓環球氣候變化基金A類 (歐元 每年分派-現金派息)","行業股票 - 環境生態","行業股票 - 環境生態","富蘭克林鄧普頓投資",N,N,41.16,02-10-2026,歐羅,4,20.82,0.81,0.61,1.86,14.18,28.19,-2.8,15,13.41,0.01,30-09-2026,1.5,LU0029873410,4,"","","","","綜合"
U45238,"晉達環球策略基金 - 環球環境基金A類別 (歐元 累積股份)","行業股票 - 環境生態","行業股票 - 環境生態","晉達資產管理香港有限公司",N,N,39.58,02-10-2026,歐羅,4,11.43,1.72,0.71,-3.32,8.32,10.9,5.62,1.42,18.9,0,30-09-2026,1.5,LU1939256001,2,"","","","","綜合"
U43987,"施羅德環球基金系列 - 環球氣候變化策略A類股份 (美元 累積單位)","行業股票 - 環境生態","行業股票 - 環境生態","施羅德投資管理(香港)有限公司",N,Y,30.952,02-10-2026,美元,4,6.51,0.3,-0.38,-3.84,7.23,9.45,3.45,11.36,10.32,0,30-09-2026,1.5,LU0302445910,4,"","","","","綜合"
U43988,"施羅德環球基金系列 - 環球氣候變化策略A類股份 (歐元 累積單位)","行業股票 - 環境生態","行業股票 - 環境生態","施羅德投資管理(香港)有限公司",N,N,37.0941,02-10-2026,歐羅,5,11.04,1.54,2.43,-2.23,9.74,14.07,10,7.53,19.4,0,30-09-2026,1.5,LU0302446645,4,"","","","","綜合"
U44063,"滙豐環球投資基金 - 環球股票氣候變化概念AD類 (美元) (每月投資計劃)","行業股票 - 環境生態","行業股票 - 環境生態","滙豐環球投資管理 (香港) 有限公司",N,N,14.534,02-10-2026,美元,4,8.47,1.71,2,-3.48,7.31,6.43,0.07,11.96,7.01,0,30-09-2026,1.5,LU0323240290,3,"","","","","綜合"
U45234,"施羅德環球基金系列 - 環球氣候變化策略A類股份 (港元 累積單位)","行業股票 - 環境生態","行業股票 - 環境生態","施羅德投資管理(香港)有限公司",N,N,12.1249,02-10-2026,港元,4,7.36,0.33,-0.33,-3.78,7.35,10.36,2.83,11.56,0,0,30-09-2026,1.5,LU2275660780,3,"","","","","綜合"
U45237,"晉達環球策略基金 - 環球環境基金A類別 (港元 累積股份)","行業股票 - 環境生態","行業股票 - 環境生態","晉達資產管理香港有限公司",N,N,133.19,02-10-2026,港元,4,7.74,0.54,-2.1,-4.76,5.79,7.44,-1.57,4.84,11.41,0,30-09-2026,1.5,LU2238339852,2,"","","","","綜合"
U45212,"晉達環球策略基金 - 環球環境基金A類別(美元 累積股份)","行業股票 - 環境生態","行業股票 - 環境生態","晉達資產管理香港有限公司",N,N,39.23,02-10-2026,美元,4,6.86,0.49,-2.17,-4.83,5.66,6.55,-1.03,4.71,10.8,0,30-09-2026,1.5,LU1939255532,2,"","","","","綜合"
U45309,"施羅德環球基金系列 - 環球氣候變化策略 A類股份 (港元 累積單位)(每月投資計劃)","行業股票 - 環境生態","行業股票 - 環境生態","施羅德投資管理(香港)有限公司",N,Y,12.1249,02-10-2026,港元,4,7.36,0.33,-0.33,-3.78,7.35,10.36,2.83,11.56,0,0,30-09-2026,1.5,LU2275660780,3,"","","","","綜合"
U45687,"首源全球基建基金 第一類 (港元 - 每月分派)","行業股票 - 基礎建設","行業股票 - 基礎建設","首源投資(香港)有限公司",N,N,108.3392,02-10-2026,港元,4,2.39,-1.14,-5.39,-5.69,-5.54,2.78,0,0,0,4.19,30-09-2026,1.5,IE0000AZL5S6,,"","","","","綜合"
U44706,"首源全球基建基金類別I (美元 每半年分派-現金派息)","行業股票 - 基礎建設","行業股票 - 基礎建設","首源投資(香港)有限公司",N,N,14.9174,02-10-2026,美元,4,1.65,-1.18,-5.43,-5.7,-5.59,2.06,5.42,0.96,11.59,2.49,30-09-2026,1.5,IE00B29SXL02,3,"","","","","綜合"
U45811,"滙豐環球投資基金 – 環球基建股票AMFLX類 (美元 每月分派-現金派息)","行業股票 - 基礎建設","行業股票 - 基礎建設","滙豐環球投資管理 (香港) 有限公司",N,Y,127.865,02-10-2026,美元,4,2.72,0.25,-4.88,-6.23,-8.55,2.34,9.58,8.01,0,5.62,30-09-2026,1.5,LU2495998598,3,"","","","","綜合"
U45810,"滙豐環球投資基金 – 環球基建股票AMFLX類 (港元 每月分派-現金派息)","行業股票 - 基礎建設","行業股票 - 基礎建設","滙豐環球投資管理 (香港) 有限公司",N,Y,115.067,02-10-2026,港元,4,3.56,0.3,-4.81,-6.18,-8.43,3.2,9.02,8.06,0,5.61,30-09-2026,1.5,LU2495998671,3,"","","","","綜合"
U45282,"FTGF凱利環球基建入息基金 A 類美元精選派息(每月現金派息)","行業股票 - 基礎建設","行業股票 - 基礎建設","美盛資產管理香港有限公司",N,N,98.02,02-10-2026,美元,4,2.88,-1.24,-5.16,-7.64,-8.49,6.22,0.61,1.96,0,6.77,30-09-2026,1.5,IE00BMG7P694,3,"","","","","綜合"
U45357,"滙豐環球投資基金 – 環球基建股票AM2類 (港元 每月分派-現金派息)","行業股票 - 基礎建設","行業股票 - 基礎建設","滙豐環球投資管理 (香港) 有限公司",N,N,12.153,02-10-2026,港元,4,3.56,0.29,-4.81,-6.18,-8.43,3.2,9.03,8.07,0,3.79,30-09-2026,1.5,LU2545637220,3,"","","","","綜合"
U45356,"滙豐環球投資基金 – 環球基建股票AM2類 (美元 每月分派-現金派息)","行業股票 - 基礎建設","行業股票 - 基礎建設","滙豐環球投資管理 (香港) 有限公司",N,N,11.957,02-10-2026,美元,4,2.72,0.25,-4.88,-6.23,-8.55,2.35,9.59,8.02,0,3.8,30-09-2026,1.5,LU2545637147,3,"","","","","綜合"
U45686,"首源全球基建基金 第一類 (美元 - 每月分派)","行業股票 - 基礎建設","行業股票 - 基礎建設","首源投資(香港)有限公司",N,N,10.7526,02-10-2026,美元,4,1.51,-1.19,-5.44,-5.72,-5.69,1.87,0,0,0,4.21,30-09-2026,1.5,IE0008RSOEY0,,"","","","","綜合"
U44436,"惠理高息股票基金 A1類別 (港元)","亞洲不包括日本股票","亞洲不包括日本股票","惠理基金管理公司",N,N,1182.3727,30-09-2026,港元,4,12.18,-2.19,-1.52,0.2,10.28,18.3,10.76,4.27,4.12,0,30-09-2026,1.25,HK0000288735,2,"","","","","綜合"
U43983,"摩根亞洲增長(美元 累計)","亞洲不包括日本股票","亞洲不包括日本股票","摩根資產管理",Y,Y,29.83,30-09-2026,美元,4,26.88,-2.83,-0.6,-3.65,28.14,30.38,7.08,0.18,-8.15,0,30-09-2026,1.5,HK0000038148,3,"","","","","綜合"
U42331,"霸菱亞洲增長基金A類別歐元收益","亞洲不包括日本股票","亞洲不包括日本股票","霸菱資產管理(亞洲)有限公司",N,N,174.73,02-10-2026,歐羅,4,36.02,0.29,6.31,2.57,31.01,40.13,16.74,-7.06,6.66,0,30-09-2026,1.25,IE0004868604,3,"","","","","綜合"
U45431,"景順亞洲動力基金 A類股份 (美元 每月派息 1 - 現金派息)","亞洲不包括日本股票","亞洲不包括日本股票","景順投資管理有限公司",N,Y,14.64,02-10-2026,美元,4,19.18,-1.55,-0.28,4.94,20.79,22.5,8.48,0,0,3.78,30-09-2026,1.5,LU2625059790,3,"","","","","綜合"
U44736,"惠理高息股票基金 A2 MDIS 類別 (港元 每月分派-現金派息) (每月投資計劃)","亞洲不包括日本股票","亞洲不包括日本股票","惠理基金管理公司",N,N,11.58,30-09-2026,港元,4,12.1,-2.15,-1.49,0.28,10.39,18.19,10.75,4.21,3.98,4.54,30-09-2026,1.25,HK0000288784,2,"","","","","綜合"
U44704,"首域盈信亞洲增長基金類別 I (美元 累積股份)","亞洲不包括日本股票","亞洲不包括日本股票","首源投資(香港)有限公司",N,N,79.1749,02-10-2026,美元,4,13.8,-1.9,-1.22,5.52,19.16,19.77,8.4,0.99,3.35,0,30-09-2026,1.5,IE0008368411,3,"","","","","綜合"
U43807,"滙豐環球投資基金 - 亞洲股票(日本除外)AD類(美元) (每月投資計劃)","亞洲不包括日本股票","亞洲不包括日本股票","滙豐環球投資管理 (香港) 有限公司",N,Y,99.324,02-10-2026,美元,4,18.65,-1.64,1.52,-2.12,19.51,19.97,11.63,0.11,-3.72,0.05,30-09-2026,1.5,LU0043850808,2,"","","","","綜合"
U44538,"惠理高息股票基金 A2 MDIS 類別 (港元 每月分派-現金派息)","亞洲不包括日本股票","亞洲不包括日本股票","惠理基金管理公司",N,N,11.58,30-09-2026,港元,4,12.1,-2.15,-1.49,0.28,10.39,18.19,10.75,4.21,3.98,4.54,30-09-2026,1.25,HK0000288784,2,"","","","","綜合"
U44626,"安聯總回報亞洲股票基金AM類收息股份 (美元 每月派息-現金派息)","亞洲不包括日本股票","亞洲不包括日本股票","安聯環球投資亞太有限公司",N,Y,17.358,02-10-2026,美元,4,30.68,-1.47,1.97,0.16,25.63,31.92,2.9,2.5,-10.72,2.98,30-09-2026,2.05,LU0918141887,3,"","","","","綜合"
U43642,"安聯小龍基金AT類累積股份 (美元)","亞洲不包括日本股票","亞洲不包括日本股票","安聯環球投資亞太有限公司",N,N,184.99,02-10-2026,美元,4,37.81,0.86,2.5,-7.49,24.54,29.35,5.76,6.52,4.6,0,30-09-2026,3.25,LU0348767384,2,"","","","","綜合"
U43333,"貝萊德全球基金 - 亞洲巨龍基金A2類股份 (歐元)","亞洲不包括日本股票","亞洲不包括日本股票","貝萊德資產管理北亞有限公司",N,N,67.84,02-10-2026,歐羅,4,30.91,1.3,7.39,3.4,29.84,32.06,13.76,-1.82,3.25,0,30-09-2026,1.5,LU0171269466,2,"","","","","綜合"
U43235,"施羅德環球基金系列 - 新興亞洲A類股份 (美元 累積單位)","亞洲不包括日本股票","亞洲不包括日本股票","施羅德投資管理(香港)有限公司",N,N,84.9378,02-10-2026,美元,4,27.45,0.71,3.28,3.47,27.41,28.31,8.09,1.8,-2.29,0,30-09-2026,1.5,LU0181495838,4,"","","","","綜合"
U44627,"安聯總回報亞洲股票基金AM類收息股份 (港元 每月派息-現金派息)","亞洲不包括日本股票","亞洲不包括日本股票","安聯環球投資亞太有限公司",N,Y,17.606,02-10-2026,港元,4,31.74,-1.42,2.02,0.2,25.78,33.05,2.3,2.72,-10.18,2.96,30-09-2026,2.05,LU0918141705,3,"","","","","綜合"
U44390,"惠理高息股票基金 A1類別 (美元)","亞洲不包括日本股票","亞洲不包括日本股票","惠理基金管理公司",N,N,150.71,30-09-2026,美元,4,11.3,-2.21,-1.62,0.16,10.18,17.32,11.44,4.08,3.51,0,30-09-2026,1.25,HK0000288735,2,"","","","","綜合"
U44512,"惠理高息股票基金 A2 MDIS 類別 (美元 每月分派-現金派息)","亞洲不包括日本股票","亞洲不包括日本股票","惠理基金管理公司",N,N,12.54,30-09-2026,美元,4,11.33,-2.19,-1.57,0.2,10.3,17.38,11.33,4.16,3.53,4.58,30-09-2026,1.25,HK0000288743,2,"","","","","綜合"
U44355,"聯博 - 亞洲(日本以外)股票基金AD類股份 (港元 每月派息-現金派息)","亞洲不包括日本股票","亞洲不包括日本股票","聯博香港有限公司",N,N,184.96,02-10-2026,港元,4,30.14,-0.77,2.5,0.09,22.32,38.3,8.09,6.59,7.26,3.9,30-09-2026,1.7,LU0469268626,4,"","","","","綜合"
U44370,"安聯亞洲（不含中國）股票基金AT類累積股份(港元)","亞洲不包括日本股票","亞洲不包括日本股票","安聯環球投資亞太有限公司",N,N,31.9403,02-10-2026,港元,4,61.56,1.6,5.35,2.45,49.21,68.13,10.91,-0.84,-2.6,0,30-09-2026,2.05,LU0589944569,3,"","","","","綜合"
U45651,"惠理高息股票基金 B類別 (港元 每月分派-現金派息)","亞洲不包括日本股票","亞洲不包括日本股票","惠理基金管理公司",Y,Y,13.57,30-09-2026,港元,4,13.93,-2.57,-1.79,0.17,11.89,21.04,0,0,0,4.44,30-09-2026,1.5,HK0001047254,,"","","","","綜合"
U45308,"富達基金－亞洲股票ESG基金 - A類別股份 - 美元 (每月投資計劃)","亞洲不包括日本股票","亞洲不包括日本股票","富達基金(香港)有限公司",N,Y,16.27,02-10-2026,美元,4,22.15,-0.85,0.37,-0.06,22.24,24.1,2.74,-2.19,-3.59,0,30-09-2026,1.5,LU0048597586,3,"","","","","綜合"
U45650,"惠理高息股票基金 B類別 (美元 每月分派-現金派息)","亞洲不包括日本股票","亞洲不包括日本股票","惠理基金管理公司",Y,Y,13.46,30-09-2026,美元,4,13.03,-2.59,-1.88,0.1,11.81,19.98,0,0,0,4.48,30-09-2026,1.5,HK0001047247,,"","","","","綜合"
U40084,"富達基金 - 亞洲特別機會基金A類別股份 (美元 派息股份)","亞洲不包括日本股票","亞洲不包括日本股票","富達基金(香港)有限公司",N,N,99.81,02-10-2026,美元,4,42.06,-0.39,1.99,0.99,36.2,47.56,7.49,1.54,-6.05,0,30-09-2026,1.5,LU0054237671,3,"","","","","綜合"
U42861,"貝萊德全球基金 - 亞洲巨龍基金A2類股份 (美元)","亞洲不包括日本股票","亞洲不包括日本股票","貝萊德資產管理北亞有限公司",N,N,76.49,02-10-2026,美元,4,25.87,0.17,4.35,1.82,26.95,27.02,6.61,1.68,-4.51,0,30-09-2026,1.5,LU0072462343,2,"","","","","綜合"
U22439,"富達基金－亞洲股票ESG基金 - A類別股份 - 美元","亞洲不包括日本股票","亞洲不包括日本股票","富達基金(香港)有限公司",N,Y,16.27,02-10-2026,美元,4,22.15,-0.85,0.37,-0.06,22.24,24.1,2.74,-2.19,-3.59,0,30-09-2026,1.5,LU0048597586,3,"","","","","綜合"
U43354,"景順亞洲動力基金","亞洲不包括日本股票","亞洲不包括日本股票","景順投資管理有限公司",N,N,17.89,02-10-2026,美元,4,19.18,-1.65,-0.33,4.87,20.72,22.51,8.37,2.9,0.1,0.49,30-09-2026,1.5,LU1775951525,4,"","","","","綜合"
U28200,"安聯亞洲（不含中國）股票基金A類收息股份(美元)","亞洲不包括日本股票","亞洲不包括日本股票","安聯環球投資亞太有限公司",N,N,146.0697,02-10-2026,美元,4,60.3,1.56,5.29,2.41,49.06,66.75,11.27,-0.97,-3.18,0.91,30-09-2026,2.05,LU0348788117,3,"","","","","綜合"
U43882,"鄧普頓亞洲增長基金A類 (美元 累積)","亞洲不包括日本股票","亞洲不包括日本股票","富蘭克林鄧普頓投資",N,N,63.52,02-10-2026,美元,4,35.09,-0.98,0.52,2.29,31.43,39.48,11.34,2.19,-9.54,0,30-09-2026,1.85,LU0128522157,3,"","","","","綜合"
U63214,"安聯小龍基金A類收息股份 (美元)","亞洲不包括日本股票","亞洲不包括日本股票","安聯環球投資亞太有限公司",N,N,178.5897,02-10-2026,美元,4,37.8,0.86,2.5,-7.49,24.54,29.35,5.76,6.52,4.59,1.16,30-09-2026,3.25,LU0348766576,2,"","","","","綜合"
U44352,"聯博 - 亞洲(日本以外)股票基金A類股份 (港元)","亞洲不包括日本股票","亞洲不包括日本股票","聯博香港有限公司",N,N,345.86,02-10-2026,港元,4,30.17,-0.77,2.5,0.1,22.33,38.33,8.09,6.6,7.26,0,30-09-2026,1.7,LU0469268204,4,"","","","","綜合"
U44922,"景順亞洲機遇股票基金A類股份(美元每半年分派) - 現金派息","亞洲不包括日本股票","亞洲不包括日本股票","景順投資管理有限公司",N,N,14.18,02-10-2026,美元,4,25.44,-0.77,3.05,2.39,24.01,21.26,11.13,2.61,-14.53,0.23,30-09-2026,1.5,LU1762219688,2,"","","","","綜合"
U43295,"安聯總回報亞洲股票基金A類收息股份 (美元)","亞洲不包括日本股票","亞洲不包括日本股票","安聯環球投資亞太有限公司",N,N,55.787,02-10-2026,美元,4,30.68,-1.47,1.97,0.17,25.64,31.93,2.9,2.46,-10.73,1.05,30-09-2026,2.05,LU0348814723,3,"","","","","綜合"
U43332,"貝萊德全球基金 - 亞洲巨龍基金A2類股份 (英鎊)","亞洲不包括日本股票","亞洲不包括日本股票","貝萊德資產管理北亞有限公司",N,N,57.76,02-10-2026,英鎊,4,27.65,0.24,6.45,2.83,26.72,28.81,8.36,-3.54,-3.49,0,30-09-2026,1.5,LU0171270639,2,"","","","","綜合"
U44353,"聯博 - 亞洲(日本以外)股票基金A類股份 (美元)","亞洲不包括日本股票","亞洲不包括日本股票","聯博香港有限公司",N,N,44.06,02-10-2026,美元,4,29.06,-0.81,2.42,0.05,22.19,37.13,8.7,6.54,6.61,0,30-09-2026,1.7,LU0469268469,4,"","","","","綜合"
U40076,"霸菱亞洲增長基金A類別美元收益","亞洲不包括日本股票","亞洲不包括日本股票","霸菱資產管理(亞洲)有限公司",N,N,196.28,02-10-2026,美元,4,30.09,-1.15,3.22,1,27.85,33.96,9.71,-3.58,-1.63,0,30-09-2026,1.25,IE0000830129,3,"","","","","綜合"
U40093,"滙豐環球投資基金 - 亞洲股票(日本除外)AD類 (美元)","亞洲不包括日本股票","亞洲不包括日本股票","滙豐環球投資管理 (香港) 有限公司",N,Y,99.324,02-10-2026,美元,4,18.65,-1.64,1.52,-2.12,19.51,19.97,11.63,0.11,-3.72,0.05,30-09-2026,1.5,LU0043850808,2,"","","","","綜合"
U42798,"施羅德環球基金系列 - 亞洲優勢A類股份 (美元 累積單位)","亞洲不包括日本股票","亞洲不包括日本股票","施羅德投資管理(香港)有限公司",N,N,37.7254,02-10-2026,美元,4,27.68,-0.07,1.87,-0.08,27.79,30.79,8.68,0.72,-4.4,0,30-09-2026,1.5,LU0106259558,3,"","","","","綜合"
U44066,"富達基金 - 新興亞洲基金A類別股份 (美元 累積)","亞洲不包括日本股票","亞洲不包括日本股票","富達基金(香港)有限公司",N,N,34.7,02-10-2026,美元,4,21.12,-0.69,0.17,1.76,19.2,22.01,5.49,5.53,-5.03,0,30-09-2026,1.5,LU0329678337,3,"","","","","綜合"
U43628,"安聯總回報亞洲股票基金AT類累積股份 (美元)","亞洲不包括日本股票","亞洲不包括日本股票","安聯環球投資亞太有限公司",N,N,68.1493,02-10-2026,美元,4,30.68,-1.47,1.96,0.16,25.63,31.93,2.9,2.46,-10.72,0,30-09-2026,2.05,LU0348816934,3,"","","","","綜合"
U44356,"聯博 - 亞洲(日本以外)股票基金AD類股份 (美元 每月派息-現金派息)","亞洲不包括日本股票","亞洲不包括日本股票","聯博香港有限公司",N,N,23.54,02-10-2026,美元,4,29.11,-0.79,2.44,0.05,22.2,37.19,8.61,6.56,6.64,3.93,30-09-2026,1.7,LU0469268972,4,"","","","","綜合"
U42388,"景順亞洲機遇股票基金","亞洲不包括日本股票","亞洲不包括日本股票","景順投資管理有限公司",N,N,218.53,02-10-2026,美元,4,25.36,-0.82,2.99,2.33,24.01,21.2,11.19,2.61,-14.52,0,30-09-2026,1.5,LU0075112721,2,"","","","","綜合"
U39872,"富達基金 - 印尼基金A類別股份 (美元 派息股份)","印尼股票","印尼股票","富達基金(香港)有限公司",N,N,18.08,02-10-2026,美元,5,-18.45,-2.16,-6.9,8.07,-11.32,-12.74,-6.17,5.44,1.4,2.77,30-09-2026,1.5,LU0055114457,4,"","","","","綜合"
U44361,"霸菱環球農業基金A類別 (美元 累積)","行業股票 - 農產品","行業股票 - 農產品","霸菱資產管理(亞洲)有限公司",N,N,4.012,02-10-2026,美元,4,9.56,-2.74,-7.45,0.83,-3.9,10.92,-11.33,-11.89,24.13,0.06,30-09-2026,1.5,GB00B3B9VC56,3,"","","","","綜合"
U43982,"摩根越南機會(美元)(累計)","越南股票","越南股票","摩根資產管理",N,N,25.5,30-09-2026,美元,5,-4.6,-1.89,-4.67,-4.64,-0.2,-0.04,-0.05,12.21,39.75,0,30-09-2026,1.5,HK0000055811,3,"","","","","綜合"
U45701,"高盛全球小型股CORE股票投資組合 (基準貨幣類股份 美元 累積 收盤價)","環球中小型股票","環球中小型股票","高盛資產管理（香港）有限公司",N,Y,13.55,02-10-2026,美元,3,14.44,-0.07,-2.1,-0.51,11.71,17.21,0,0,0,0,30-09-2026,1.25,LU3058644124,,"","","","","中小型"
U42393,"景順環球小型企業基金","環球中小型股票","環球中小型股票","景順投資管理有限公司",N,N,263.84,02-10-2026,美元,3,9.42,-0.16,0.6,-6.23,13.27,10.51,6.22,13.83,13.11,0,30-09-2026,1.5,LU1775975201,3,"","","","","中小型"
U42926,"貝萊德全球基金 - 系統分析可持續環球小型企業基金A2類股份 (美元)","環球中小型股票","環球中小型股票","貝萊德資產管理北亞有限公司",N,N,223.08,02-10-2026,美元,3,17.19,0.64,-0.54,-1.27,14.64,19.74,7.25,17.38,17.94,0,30-09-2026,1.5,LU0054578231,4,"","","","","中小型"
U45702,"高盛全球小型股CORE股票投資組合 (其他貨幣類股份 港元 累積 收盤價)","環球中小型股票","環球中小型股票","高盛資產管理（香港）有限公司",N,Y,136.34,02-10-2026,港元,3,15.54,0.01,-2,-0.45,12.08,18.4,0,0,0,0,30-09-2026,1.25,LU3058643829,,"","","","","中小型"
U50003,"施羅德環球基金系列 - 新領域股票 A類股份 (歐元 累積單位)","環球前趨市場股票","環球前趨市場股票","施羅德投資管理(香港)有限公司",N,N,185.7033,02-10-2026,歐羅,4,15.41,-0.54,-0.83,2.04,11.44,20.16,24.65,20.72,0,0,30-09-2026,1.5,LU2407913743,4,"","","","",""
U50002,"施羅德環球基金系列 - 新領域股票 A類股份 (美元 累積單位)","環球前趨市場股票","環球前趨市場股票","施羅德投資管理(香港)有限公司",N,N,350.1421,02-10-2026,美元,4,10.7,-1.75,-3.55,0.37,8.89,15.29,17.23,25.03,28.51,0,30-09-2026,1.5,LU0562313402,5,"","","","",""
U43999,"滙豐環球投資基金 - 歐元區小型公司股票AD類 (歐羅)","歐元區中型股票","區中型股票","滙豐環球投資管理 (香港) 有限公司",N,N,80.879,02-10-2026,歐羅,3,8.77,-1.52,-1.83,-2.3,7.35,8.6,-0.56,5.96,15.26,0.49,30-09-2026,1.5,LU0165073858,2,"","","","","中型"
U44000,"滙豐環球投資基金 - 歐元區小型公司股票AD類 (歐羅) (每月投資計劃)","歐元區中型股票","區中型股票","滙豐環球投資管理 (香港) 有限公司",N,N,80.879,02-10-2026,歐羅,3,8.77,-1.52,-1.83,-2.3,7.35,8.6,-0.56,5.96,15.26,0.49,30-09-2026,1.5,LU0165073858,2,"","","","","中型"
U39977,"貝萊德全球基金 - 美國中型企業價值基金A2類股份 (美元)","美國中型股票","美國中型股票","貝萊德資產管理北亞有限公司",N,N,454.01,02-10-2026,美元,3,9.28,-0.55,-4.36,-3.05,13.3,10.77,7.14,11.63,25.77,0,30-09-2026,1.5,LU0006061336,4,"","","","","中型"
U43624,"施羅德環球基金系列 - 美國中小型股票A類股份 (美元 累積單位)","美國中型股票","美國中型股票","施羅德投資管理(香港)有限公司",N,N,571.2227,02-10-2026,美元,4,14.09,1.07,-1.08,-3.93,12.9,23.13,9.6,11.42,20.71,0,30-09-2026,1.5,LU0205193047,2,"","","","","中型"
U44589,"富達基金 –  歐洲股息基金A類別股份 (歐元 每月特色派息(G)–現金派息)","歐洲股票收益","歐洲股票收益","富達基金(香港)有限公司",N,N,17.11,02-10-2026,歐羅,3,2.68,-1.75,-2.97,-2.1,4.36,6,15.27,14.46,24.12,3.05,30-09-2026,1.5,LU0857700040,3,"","","","","收益型"
U45197,"貝萊德全球基金  - 歐洲股票入息基金A6類股份 (歐元 每月派息股份-現金派息)","歐洲股票收益","歐洲股票收益","貝萊德資產管理北亞有限公司",N,Y,13.1,02-10-2026,歐羅,3,2.28,-2.09,-2.31,-4.79,3.44,6.08,8.08,13.94,20.09,3.51,30-09-2026,1.5,LU1051768569,3,"","","","","收益型"
U43839,"景順泛歐洲股票收益基金(累積)","歐洲股票收益","歐洲股票收益","景順投資管理有限公司",N,N,25.87,02-10-2026,歐羅,3,9.62,-2.16,-2.82,-3.36,9.9,14.88,1.22,13.33,22.71,0,30-09-2026,1.5,LU0267986122,2,"","","","","收益型"
U44763,"摩根歐洲股票高息(歐元)(每月派息-現金派息)","歐洲股票收益","歐洲股票收益","摩根資產管理",N,N,12.47,30-09-2026,歐羅,3,13.6,-0.88,-1.66,0.97,10.36,22.41,10.86,12.39,23.58,7.23,30-09-2026,1.5,HK0000288552,4,"","","","","收益型"
U44535,"安聯歐洲股息基金AM類收息股份 (歐元 每月派息-現金派息)","歐洲股票收益","歐洲股票收益","安聯環球投資亞太有限公司",N,Y,11.6665,02-10-2026,歐羅,3,10.43,-1.91,-3.09,0.97,9.94,16.31,8.08,15.97,16.1,5.2,30-09-2026,1.8,LU0971552913,3,"","","","","收益型"
U45049,"晉達環球策略基金 - 環球優質股息增長基金A類別 (美元 收益-2股份 每月派息-現金派息)","環球股票收益","環球股票收益","晉達資產管理香港有限公司",N,N,33.64,02-10-2026,美元,3,2.99,-0.65,-2.77,-0.57,8.8,3.55,4.13,12.59,18.13,1.98,30-09-2026,1.5,LU1228905540,2,"","","","","收益型"
U43852,"貝萊德全球基金 - 系統分析環球股票高息基金A5類股份 (美元 每季派息股份-現金派息)","環球股票收益","環球股票收益","貝萊德資產管理北亞有限公司",N,N,6.09,02-10-2026,美元,3,13.36,0.33,0.38,4.79,12.46,14.95,16.58,15.75,17,6.54,30-09-2026,1.5,LU0265550946,3,"","","","","收益型"
U45565,"富達基金－環球股息優勢基金 - A類別股份 - C每月派息(G) - 港元","環球股票收益","環球股票收益","富達基金(香港)有限公司",N,Y,10.19,02-10-2026,港元,3,4.75,-1.55,-3.77,-2.02,7.46,8.47,8.21,16.36,0,8.93,30-09-2026,1.5,LU2439728762,3,"","","","","收益型"
U44430,"富達基金 - 環球股息基金A類別股份 (港元 每月特色派息(G)-現金派息)","環球股票收益","環球股票收益","富達基金(香港)有限公司",N,Y,23.41,02-10-2026,港元,3,5.45,-0.73,-3.27,-2.82,3.47,8.25,9.87,15.12,11.73,2.32,30-09-2026,1.5,LU0742537680,3,"","","","","收益型"
U44429,"富達基金 - 環球股息基金A類別股份 (美元 每月特色派息(G)-現金派息)","環球股票收益","環球股票收益","富達基金(香港)有限公司",N,Y,23.58,02-10-2026,美元,3,4.57,-0.77,-3.32,-2.87,3.33,7.35,10.43,14.99,11.09,2.34,30-09-2026,1.5,LU0731783048,3,"","","","","收益型"
U43613,"施羅德環球基金系列 - 環球收益股票A類股份 (美元 累積單位)","環球股票收益","環球股票收益","施羅德投資管理(香港)有限公司",N,N,342.7137,02-10-2026,美元,3,12.9,-2.27,-5.36,2.49,7.63,16.44,2.38,15.37,18.52,0,30-09-2026,1.5,LU0225284248,3,"","","","","收益型"
U45617,"摩根環球股票高息（美元）（每月派息-現金派息)","環球股票收益","環球股票收益","摩根資產管理",Y,Y,10.46,30-09-2026,美元,3,4.89,0,-2.13,0.45,6.95,6.48,0,0,0,7.76,30-09-2026,1.5,HK0001099735,,"","","","","收益型"
U45564,"富達基金－環球股息優勢基金 - A類別股份 - C每月派息(G) - 美元","環球股票收益","環球股票收益","富達基金(香港)有限公司",N,Y,9.989,02-10-2026,美元,3,3.87,-1.61,-3.77,-2.12,7.33,7.59,8.82,16.2,0,8.96,30-09-2026,1.5,LU2401740654,3,"","","","","收益型"
U45187,"富達基金 - 環球股息基金A類別股份 (歐元 每月特色派息(G)-現金派息)","環球股票收益","環球股票收益","富達基金(香港)有限公司",N,Y,27.7,02-10-2026,歐羅,3,9.02,0.52,-0.45,-1.21,5.98,11.57,18.06,11.22,19.4,2.3,30-09-2026,1.5,LU0731782826,3,"","","","","收益型"
U44949,"貝萊德全球基金 - 系統分析環球股票高息基金A6類股份 (美元 每月派息股份-現金派息)","環球股票收益","環球股票收益","貝萊德資產管理北亞有限公司",N,Y,9.91,02-10-2026,美元,3,13.48,0.37,0.37,4.85,12.68,15.1,16.71,15.7,17.01,7.69,30-09-2026,1.5,LU1116320737,3,"","","","","收益型"
U43853,"貝萊德全球基金 - 系統分析環球股票高息基金A2類股份 (美元)","環球股票收益","環球股票收益","貝萊德資產管理北亞有限公司",N,N,27.93,02-10-2026,美元,3,13.54,0.4,0.4,4.84,12.62,15.08,16.66,15.76,16.92,0,30-09-2026,1.5,LU0265550359,3,"","","","","收益型"
U45754,"宏利環球基金 - 環球股票多元入息基金AA類股份 (美元 累積股份)","環球股票收益","環球股票收益","宏利資產管理(香港)有限公司",N,Y,10.3456,02-10-2026,美元,3,0,-0.59,-1.11,0.29,5.53,0,0,0,0,0,,1.5,LU3144682526,,"","","","","收益型"
U45756,"宏利環球基金 - 環球股票多元入息基金F類股份 (港元 每月派息 (G)-現金派息)","環球股票收益","環球股票收益","宏利資產管理(香港)有限公司",N,Y,9.7186,02-10-2026,港元,3,0,-0.55,-1.06,0.34,5.66,0,0,0,0,0,,1.5,LU3144683250,,"","","","","收益型"
U45618,"摩根環球股票高息（港元）（每月派息-現金派息)","環球股票收益","環球股票收益","摩根資產管理",Y,Y,10.56,30-09-2026,港元,3,5.79,0.01,-2.11,0.47,7.03,7.3,0,0,0,7.73,30-09-2026,1.5,HK0001099727,,"","","","","收益型"
U42346,"富達基金－環球股息優勢基金 - A類別股份 - 歐元","環球股票收益","環球股票收益","富達基金(香港)有限公司",N,N,12.56,02-10-2026,歐羅,3,8.33,-0.32,-0.95,-0.44,10.07,11.87,16.23,12.44,18.28,3.78,30-09-2026,1.5,LU0099575291,3,"","","","","收益型"
U43614,"施羅德環球基金系列 - 環球收益股票 A類別 MF  (美元 每月收息單位-現金派息)","環球股票收益","環球股票收益","施羅德投資管理(香港)有限公司",N,N,168.452,02-10-2026,美元,3,12.9,-2.27,-5.37,2.49,7.63,16.44,2.38,15.37,18.53,3.35,30-09-2026,1.5,LU0225771236,3,"","","","","收益型"
U45755,"宏利環球基金 - 環球股票多元入息基金F類股份 (美元 每月派息 (G)-現金派息)","環球股票收益","環球股票收益","宏利資產管理(香港)有限公司",N,Y,9.6763,02-10-2026,美元,3,0,-0.59,-1.11,0.29,5.52,0,0,0,0,0,,1.5,LU3144683177,,"","","","","收益型"
U45015,"安聯神州A股基金AT類累積股份 (美元)","中國股票 - A股","中國股票 - A股","安聯環球投資亞太有限公司",N,N,15.4179,30-09-2026,美元,5,7.36,-4.52,-6.97,-16,9.87,10.71,8.05,-23.47,-0.73,0,30-09-2026,2.25,LU1997245177,4,"","","","","綜合"
U43709,"摩根中國先驅A股基金 (美元)","中國股票 - A股","中國股票 - A股","摩根資產管理",N,N,63.41,30-09-2026,美元,5,5.58,-4.08,-5.61,-10.11,5.98,6.77,4.56,-24.29,-4.82,0,30-09-2026,1.75,HK0000055621,4,"","","","","綜合"
U44478,"恒生中國A股動力基金A類單位(港元)","中國股票 - A股","中國股票 - A股","恒生投資管理有限公司",Y,Y,18.5,30-09-2026,港元,4,-1.8,-3.95,-4.84,-16.33,3.01,-0.75,16.49,-12.62,0.62,0,30-09-2026,1.5,HK0000284833,4,"","","","","綜合"
U45222,"安聯神州A股基金AT類累積股份 (港元) (每月投資計劃)","中國股票 - A股","中國股票 - A股","安聯環球投資亞太有限公司",N,N,15.4296,30-09-2026,港元,5,8.22,-4.49,-6.89,-15.96,9.97,11.64,7.43,-23.38,-0.11,0,30-09-2026,2.25,LU1997244956,3,"","","","","綜合"
U44645,"摩根中國A股機會 (港元 累計)","中國股票 - A股","中國股票 - A股","摩根資產管理",Y,Y,22.91,30-09-2026,港元,5,6.21,-4.1,-5.6,-10.26,5.87,7.46,4.5,-24.42,-4.43,0,30-09-2026,1.75,HK0000206075,3,"","","","","綜合"
U45729,"恒生中國A股精選基金A1類單位 (美元 累積股份)","中國股票 - A股","中國股票 - A股","恒生投資管理有限公司",N,N,48.07,30-09-2026,美元,4,-5.15,-3.78,-5.17,-12.18,-0.37,-3.12,15.35,-14.21,-8.48,0,30-09-2026,1.5,HK0001188975,3,"","","","","綜合"
U45223,"恒生中國A股精選基金A2類單位 (美元) (每月投資計劃)","中國股票 - A股","中國股票 - A股","恒生投資管理有限公司",N,Y,15.37,30-09-2026,美元,4,-5.12,-3.76,-5.12,-12.12,-0.32,-3.09,15.27,-14.19,-8.5,0,30-09-2026,1.5,HK0000284858,3,"","","","","綜合"
U44910,"恒生A股行業龍頭指數基金A類單位 (人民幣 累積)","中國股票 - A股","中國股票 - A股","恒生投資管理有限公司",Y,Y,13.04,30-09-2026,人民幣,5,-6.59,-2.1,-5.03,2.6,-3.26,-6.59,19.96,-4.73,-10.43,0,30-09-2026,1,HK0000402252,4,"","","","","綜合"
U44644,"摩根中國A股機會 (美元 累計)","中國股票 - A股","中國股票 - A股","摩根資產管理",Y,Y,17.81,30-09-2026,美元,5,5.45,-4.09,-5.67,-10.32,5.89,6.58,5.18,-24.48,-4.95,0,30-09-2026,1.75,HK0000222684,3,"","","","","綜合"
U44646,"摩根中國A股機會 (人民幣 累計)","中國股票 - A股","中國股票 - A股","摩根資產管理",Y,Y,24.67,30-09-2026,人民幣,5,1.27,-4.19,-5.84,-11.35,2.79,0.33,8.28,-22.3,-6.98,0,30-09-2026,1.75,HK0000206067,3,"","","","","綜合"
U44303,"恒生中國A股精選基金A2類單位 (美元)","中國股票 - A股","中國股票 - A股","恒生投資管理有限公司",Y,Y,15.37,30-09-2026,美元,4,-5.12,-3.76,-5.12,-12.12,-0.32,-3.09,15.27,-14.19,-8.5,0,30-09-2026,1.5,HK0000284858,3,"","","","","綜合"
U45175,"安聯神州A股基金AT類累積股份 (人民幣)","中國股票 - A股","中國股票 - A股","安聯環球投資亞太有限公司",N,N,9.8867,30-09-2026,人民幣,5,3.06,-4.5,-7.15,-17.03,6.62,4.17,11.31,-21.41,-3.34,0,30-09-2026,2.25,LU2236271966,3,"","","","","綜合"
U45116,"安聯神州A股基金AT類累積股份 (港元)","中國股票 - A股","中國股票 - A股","安聯環球投資亞太有限公司",N,N,15.4296,30-09-2026,港元,5,8.22,-4.49,-6.89,-15.96,9.97,11.64,7.43,-23.38,-0.11,0,30-09-2026,2.25,LU1997244956,3,"","","","","綜合"
U42367,"滙豐環球投資基金 - 亞洲小型公司股票(日本除外)AD類 (美元)","亞洲不包括日本中小型股票","亞洲不包括日本中小型股票","滙豐環球投資管理 (香港) 有限公司",N,N,99.358,02-10-2026,美元,4,9,-0.46,-0.48,-3.32,12.3,10.6,8.78,17.36,14.87,0.52,30-09-2026,1.5,LU0082770016,2,"","","","","中小型"
U44985,"摩根亞洲小型企業（港元）（累計）","亞洲不包括日本中小型股票","亞洲不包括日本中小型股票","摩根資產管理",N,N,23.11,30-09-2026,港元,4,22.6,-1.74,-1.62,-0.73,15.96,29.69,7.1,8.04,24.92,0,30-09-2026,1.5,HK0000499746,3,"","","","","中小型"
U74349,"摩根亞洲小型企業（美元）（累計）","亞洲不包括日本中小型股票","亞洲不包括日本中小型股票","摩根資產管理",N,N,462.66,30-09-2026,美元,4,21.63,-1.75,-1.7,-0.78,15.87,28.58,7.64,8.02,24.15,0,30-09-2026,1.5,HK0000055647,4,"","","","","中小型"
U43806,"滙豐環球投資基金 - 亞洲小型公司股票(日本除外)AD類 (美元) (每月投資計劃)","亞洲不包括日本中小型股票","亞洲不包括日本中小型股票","滙豐環球投資管理 (香港) 有限公司",N,N,99.358,02-10-2026,美元,4,9,-0.46,-0.48,-3.32,12.3,10.6,8.78,17.36,14.87,0.52,30-09-2026,1.5,LU0082770016,2,"","","","","中小型"
U44047,"鄧普頓新興市場小型公司基金A類 (美元 累積)","環球新興市場中小型股票","環球新興市場中小型股票","富蘭克林鄧普頓投資",N,N,19.5,02-10-2026,美元,4,16.21,-0.31,-0.56,4.33,17.26,17.82,7.33,13.16,22.14,0,30-09-2026,2.1,LU0300738514,2,"","","","","中小型"
U44048,"鄧普頓新興市場小型公司基金A類 (歐元 累積)","環球新興市場中小型股票","環球新興市場中小型股票","富蘭克林鄧普頓投資",N,N,24.75,02-10-2026,歐羅,4,21.32,0.9,2.32,5.91,20.15,22.65,14.37,9.67,31.11,0,30-09-2026,2.1,LU0300743431,2,"","","","","中小型"
U43855,"施羅德環球基金系列 - 日本優勢 A類別 AV (日圓 收息單位-現金派息)","日本靈活型股票","日本靈活型股票","施羅德投資管理(香港)有限公司",N,N,3846.6367,02-10-2026,日圓,4,24.3,0.74,2.36,0.34,16.02,37.18,17.54,26.59,12.04,1.59,30-09-2026,1.5,LU0275265352,3,"","","","","靈活型"
U43411,"富達基金 - 亞太股息基金A類別股份 (美元 派息股份)","亞太區不包括日本股票收益","亞太區不包括日本股票收益","富達基金(香港)有限公司",N,N,42.36,02-10-2026,美元,4,18.55,-0.89,-2.4,2.9,12.23,23.1,2.81,6.58,7.6,1.45,30-09-2026,1.5,LU0205439572,3,"","","","","收益型"
U43373,"施羅德環球基金系列 - 亞洲收益股票 A類別 MF  (美元 每月收息單位-現金派息)","亞太區不包括日本股票收益","亞太區不包括日本股票收益","施羅德投資管理(香港)有限公司",N,Y,29.4132,02-10-2026,美元,4,22.78,-1.43,0.18,2.41,20.97,25.53,8.8,13.41,7.06,3.72,30-09-2026,1.5,LU0192582467,3,"","","","","收益型"
U43374,"施羅德環球基金系列 - 亞洲收益股票A類股份 (美元 累積單位)","亞太區不包括日本股票收益","亞太區不包括日本股票收益","施羅德投資管理(香港)有限公司",N,N,62.4706,02-10-2026,美元,4,22.78,-1.43,0.18,2.41,20.96,25.53,8.8,13.41,7.06,0,30-09-2026,1.5,LU0188438112,3,"","","","","收益型"
U43798,"滙豐環球投資基金 - 亞太收益增長股票AS類 (美元) (每月投資計劃)","亞太區不包括日本股票收益","亞太區不包括日本股票收益","滙豐環球投資管理 (香港) 有限公司",N,Y,33.381,02-10-2026,美元,4,17.54,-2.38,-0.13,1.93,16.45,20.58,10.45,9.23,3.5,0.55,30-09-2026,1.5,LU0197773673,3,"","","","","收益型"
U44880,"滙豐環球投資基金 － 亞太收益增長股票AM2類 (美元 每月分派-現金派息)","亞太區不包括日本股票收益","亞太區不包括日本股票收益","滙豐環球投資管理 (香港) 有限公司",N,Y,14.066,02-10-2026,美元,4,17.56,-2.38,-0.13,1.95,16.47,20.6,10.45,9.21,3.52,2.5,30-09-2026,1.5,LU0630378429,3,"","","","","收益型"
U43380,"滙豐環球投資基金 - 亞太收益增長股票AS類 (美元)","亞太區不包括日本股票收益","亞太區不包括日本股票收益","滙豐環球投資管理 (香港) 有限公司",N,N,33.381,02-10-2026,美元,4,17.54,-2.38,-0.13,1.93,16.45,20.58,10.45,9.23,3.5,0.55,30-09-2026,1.5,LU0197773673,3,"","","","","收益型"
U44514,"摩根亞洲股息(港元)(每月派息-現金派息)","亞太區不包括日本股票收益","亞太區不包括日本股票收益","摩根資產管理",Y,Y,14.66,30-09-2026,港元,4,21.66,-2.42,-1.17,1.9,21.16,28.25,7.65,9.14,9.92,2.7,30-09-2026,1.5,HK0000151867,3,"","","","","收益型"
U45502,"摩根亞洲股票高息(美元)(每月派息-現金派息)","亞太區不包括日本股票收益","亞太區不包括日本股票收益","摩根資產管理",Y,Y,12.99,30-09-2026,美元,4,18.88,-2.11,-0.63,1.77,20.66,24.88,6.5,0,0,8.39,30-09-2026,1.5,HK0000964608,,"","","","","收益型"
U44970,"駿利亨德森遠見亞洲股票收益基金 A3q類股份 (歐元 每季入息-現金派息)","亞太區不包括日本股票收益","亞太區不包括日本股票收益","駿利亨德森投資",N,N,8.28,02-10-2026,歐羅,4,27.88,-0.2,2.91,9.04,22.27,28.25,14.09,2.15,7.1,5.19,30-09-2026,1.2,LU0572940194,2,"","","","","收益型"
U45421,"施羅德環球基金系列-亞洲股息 A類股份 (美元 每月收息單位-現金派息 MF)","亞太區不包括日本股票收益","亞太區不包括日本股票收益","施羅德投資管理(香港)有限公司",N,Y,95.4652,02-10-2026,美元,4,25.19,-0.57,1.28,4.46,19.91,31.69,4.72,8.56,3.01,6.5,30-09-2026,1.5,LU0955648018,3,"","","","","收益型"
U45501,"摩根亞洲股票高息(港元)(每月派息-現金派息)","亞太區不包括日本股票收益","亞太區不包括日本股票收益","摩根資產管理",Y,Y,13.06,30-09-2026,港元,4,19.82,-2.1,-0.55,1.86,20.77,25.99,5.97,0,0,8.36,30-09-2026,1.5,HK0000964616,,"","","","","收益型"
U44701,"摩根亞洲股息(港元)(每月派息-現金派息) (每月投資計劃)","亞太區不包括日本股票收益","亞太區不包括日本股票收益","摩根資產管理",N,Y,14.66,30-09-2026,港元,4,21.66,-2.42,-1.17,1.9,21.16,28.25,7.65,9.14,9.92,2.7,30-09-2026,1.5,HK0000151867,3,"","","","","收益型"
U44853,"富達基金 ﹣ 亞太股息基金A類別股份 (港元 每月特色派息(G)-現金派息)","亞太區不包括日本股票收益","亞太區不包括日本股票收益","富達基金(香港)有限公司",N,Y,18.84,02-10-2026,港元,4,19.53,-0.85,-2.34,2.94,12.39,24.14,2.2,6.76,8.23,2.99,30-09-2026,1.5,LU1119993845,3,"","","","","收益型"
U44969,"駿利亨德森遠見亞洲股票收益基金 A4m類股份 (美元 每月入息-現金派息)","亞太區不包括日本股票收益","亞太區不包括日本股票收益","駿利亨德森投資",N,N,9.19,02-10-2026,美元,4,22.35,-1.62,-0.03,7.46,19.42,22.75,7.3,5.96,-1.23,6.71,30-09-2026,1.2,LU1807432866,3,"","","","","收益型"
U44513,"摩根亞洲股息(美元)(每月派息-現金派息)","亞太區不包括日本股票收益","亞太區不包括日本股票收益","摩根資產管理",Y,Y,14.5,30-09-2026,美元,4,20.62,-2.52,-1.32,1.78,20.92,27.06,8.24,9.05,9.28,2.71,30-09-2026,1.5,HK0000151891,3,"","","","","收益型"
U44661,"東方匯理香港組合 - 亞太新動力股息基金普通類別美元 - 分派 I (現金派息)","亞太區不包括日本股票收益","亞太區不包括日本股票收益","東方匯理資產管理香港有限公司",N,N,10.13,30-09-2026,美元,4,21.62,-2.5,-0.66,-1.63,23.41,25.93,7.83,6.82,0.04,3.76,30-09-2026,1.5,HK0000150943,1,"","","","","收益型"
U44380,"滙豐環球投資基金 - 亞太收益增長股票AM2類 (港元 每月分派-現金派息)","亞太區不包括日本股票收益","亞太區不包括日本股票收益","滙豐環球投資管理 (香港) 有限公司",N,Y,14.199,02-10-2026,港元,4,18.54,-2.34,-0.07,2.01,16.61,21.61,9.88,9.26,4.08,2.49,30-09-2026,1.5,LU0630378692,3,"","","","","收益型"
U13524,"摩根亞洲股票高息基金(美元)(累計)","亞太區不包括日本股票收益","亞太區不包括日本股票收益","摩根資產管理",N,N,73,30-09-2026,美元,4,18.85,-2.13,-0.64,1.81,20.7,24.91,6.47,11.84,6.12,0,30-09-2026,1.5,HK0000055613,,"","","","","收益型"
U44662,"東方匯理香港組合 - 亞太新動力股息基金普通類別港元 - 分派 I (現金派息)","亞太區不包括日本股票收益","亞太區不包括日本股票收益","東方匯理資產管理香港有限公司",N,N,10.21,30-09-2026,港元,4,22.58,-2.58,-0.65,-1.61,23.35,26.92,7.08,6.96,0.57,3.75,30-09-2026,1.5,HK0000150968,1,"","","","","收益型"
U44852,"富達基金 ﹣ 亞太股息基金A類別股份 (美元 每月特色派息(G)-現金派息)","亞太區不包括日本股票收益","亞太區不包括日本股票收益","富達基金(香港)有限公司",N,Y,18.56,02-10-2026,美元,4,18.56,-0.92,-2.43,2.86,12.23,23.07,2.81,6.65,7.6,3,30-09-2026,1.5,LU0877626530,3,"","","","","收益型"
U24956,"富達基金 - 北歐基金A類別股份 (瑞典克郎 派息股份)","北歐中小型股票","北歐中小型股票","富達基金(香港)有限公司",N,N,3069,02-10-2026,瑞典克朗,4,23.17,-0.74,0.92,9.46,10.7,31.77,8.19,13.03,27.55,1.45,30-09-2026,1.5,LU0048588080,5,"","","","","中小型"
U45193,"滙豐環球貨幣基金 - 美元 (C類股份-累積)","貨幣市場 - 美元","貨幣市場 - 美元","滙豐環球投資管理 (香港) 有限公司",Y,Y,1.2266,02-10-2026,美元,1,2.65,0.07,0.29,0.89,1.76,3.62,5.13,5.01,0.04,0,30-09-2026,0.3,HK0000465952,,"","","貨幣市場","環球",""
U42947,"貝萊德全球基金 - 美國短期債券基金A2類股份 (美元)","美元多元化債券 - 短期","多元化債券 - 短期","貝萊德資產管理北亞有限公司",N,N,15.55,02-10-2026,美元,2,0.26,0.06,-0.64,-0.51,0.26,1.37,4.47,4.92,-0.77,0,30-09-2026,0.75,LU0154237225,3,"","","多元化","環球",""
U39886,"富達基金 – 歐元極短期債券基金A類別股份 (英鎊 派息股份)","歐元債券 - 超短期","債券 - 超短期","富達基金(香港)有限公司",N,N,0.313,02-10-2026,英鎊,3,2.62,0,0.32,0.8,1.51,2.75,2.6,6.92,-2.55,2.72,30-09-2026,0.19,LU0048620586,,"","","其他","環球",""
U43611,"施羅德環球基金系列 - 歐元短期債券A類股份 (歐元 累積單位)","歐元多元化債券 - 短期","多元化債券 - 短期","施羅德投資管理(香港)有限公司",N,N,7.4206,02-10-2026,歐羅,2,-0.21,0.26,-0.37,-0.79,0.4,0.18,3.94,4.03,-1.02,0,30-09-2026,0.5,LU0106234643,2,"","","多元化","環球",""
